-- phpMyAdmin SQL Dump
-- version 4.9.5deb2
-- https://www.phpmyadmin.net/
--
-- Host: localhost:3306
-- Generation Time: Jan 04, 2023 at 05:47 PM
-- Server version: 8.0.31-0ubuntu0.20.04.1
-- PHP Version: 7.2.34-23+ubuntu20.04.1+deb.sury.org+1

SET SQL_MODE = "NO_AUTO_VALUE_ON_ZERO";
SET AUTOCOMMIT = 0;
START TRANSACTION;
SET time_zone = "+00:00";


/*!40101 SET @OLD_CHARACTER_SET_CLIENT=@@CHARACTER_SET_CLIENT */;
/*!40101 SET @OLD_CHARACTER_SET_RESULTS=@@CHARACTER_SET_RESULTS */;
/*!40101 SET @OLD_COLLATION_CONNECTION=@@COLLATION_CONNECTION */;
/*!40101 SET NAMES utf8mb4 */;

--
-- Database: `lekhapadhi`
--

-- --------------------------------------------------------

--
-- Table structure for table `advertisement`
--

CREATE TABLE `advertisement` (
  `id` int NOT NULL,
  `title` varchar(250) COLLATE utf8mb3_unicode_520_ci NOT NULL,
  `image` varchar(250) COLLATE utf8mb3_unicode_520_ci NOT NULL,
  `duration` date NOT NULL,
  `organization` varchar(250) COLLATE utf8mb3_unicode_520_ci NOT NULL,
  `phone` varchar(50) COLLATE utf8mb3_unicode_520_ci NOT NULL,
  `email` varchar(50) COLLATE utf8mb3_unicode_520_ci DEFAULT NULL,
  `status` int NOT NULL
) ENGINE=InnoDB DEFAULT CHARSET=utf8mb3 COLLATE=utf8mb3_unicode_520_ci;

--
-- Dumping data for table `advertisement`
--

INSERT INTO `advertisement` (`id`, `title`, `image`, `duration`, `organization`, `phone`, `email`, `status`) VALUES
(1, 'Adve', 'images/Eagle Eye-2022-07-09.jpg', '2022-12-12', 'Eagle Eye', '9816513419', 'punhiramani8@gmail.com', 1);

-- --------------------------------------------------------

--
-- Table structure for table `asign_task`
--

CREATE TABLE `asign_task` (
  `id` int NOT NULL,
  `fk_form_id` int NOT NULL,
  `fk_assigned_to` int NOT NULL,
  `assigned_date` date NOT NULL,
  `asigned_by` int DEFAULT NULL
) ENGINE=InnoDB DEFAULT CHARSET=utf8mb3 COLLATE=utf8mb3_unicode_520_ci;

--
-- Dumping data for table `asign_task`
--

INSERT INTO `asign_task` (`id`, `fk_form_id`, `fk_assigned_to`, `assigned_date`, `asigned_by`) VALUES
(1, 1, 3, '2079-01-15', 1),
(2, 7, 3, '2079-01-16', NULL),
(3, 8, 3, '2079-01-18', 1),
(4, 10, 3, '2079-01-18', NULL),
(5, 9, 3, '2079-01-18', 1),
(6, 2, 1, '2079-03-05', 1),
(7, 33, 3, '2079-03-05', 1),
(8, 32, 3, '2079-03-05', 1),
(53, 37, 3, '2079-03-26', 1),
(54, 37, 3, '2079-03-26', 1),
(55, 37, 3, '2079-03-26', 1),
(56, 37, 3, '2079-03-26', 1),
(57, 37, 3, '2079-03-26', 1),
(58, 37, 3, '2079-03-26', 1),
(59, 37, 3, '2079-03-26', 1),
(60, 37, 3, '2079-03-26', 1),
(61, 37, 3, '2079-03-26', 1),
(62, 37, 3, '2079-03-26', 1),
(63, 37, 3, '2079-03-26', 1),
(64, 37, 3, '2079-03-26', 1),
(65, 37, 3, '2079-03-26', 1),
(66, 1, 3, '2079-03-28', 1),
(67, 1, 3, '2079-03-28', 1),
(68, 1, 3, '2079-03-28', 1),
(69, 1, 3, '2079-03-29', 1),
(70, 1, 3, '2079-03-29', 1),
(71, 1, 3, '2079-03-29', 1),
(72, 1, 3, '2079-03-29', 1);

-- --------------------------------------------------------

--
-- Table structure for table `district`
--

CREATE TABLE `district` (
  `id` int NOT NULL,
  `district` varchar(200) CHARACTER SET utf8mb4 COLLATE utf8mb4_unicode_520_ci NOT NULL,
  `district_nepali` varchar(3000) CHARACTER SET utf8mb4 COLLATE utf8mb4_unicode_520_ci NOT NULL,
  `fk_province` int NOT NULL
) ENGINE=InnoDB DEFAULT CHARSET=latin1;

--
-- Dumping data for table `district`
--

INSERT INTO `district` (`id`, `district`, `district_nepali`, `fk_province`) VALUES
(1, 'Jhapa', 'झापा ', 1),
(2, 'Morang', 'मोरंग', 1),
(3, 'Ilam', 'इलाम', 1),
(4, 'Sunsari', 'सुनसरी', 1),
(5, 'Dhankuta', 'धनकुटा', 1),
(6, 'Pachthar', 'पांचथर', 1),
(7, 'Teharthum', 'तेह्रथुम', 1),
(8, 'Taplejung', 'ताप्लेजुंग', 1),
(9, 'Bhojpur', 'भोजपुर', 1),
(10, 'Sankhuwasabha', 'संखुवासभा', 1),
(11, 'Khotang', 'खोटाँग', 1),
(12, 'Udaipur', 'उदयपुर', 1),
(13, 'Okhaldhunga', 'ओखलढुंगा', 1),
(14, 'Solukhumbu', 'सोलुखुम्बू', 1),
(15, 'Parsa', 'पर्सा', 2),
(16, 'Bara', 'बारा', 2),
(17, 'Rautahat', 'रौतहट ', 2),
(18, 'Sarlahi', 'सर्लाही', 2),
(19, 'Mahottari', 'महोत्तरी', 2),
(20, 'Dhanusa', 'धनुषा ', 2),
(21, 'Siraha', 'सिराहा', 2),
(22, 'Saptari', 'सप्तरी', 2),
(37, 'Rasuwa', 'रसुवा ', 3),
(38, 'Chitwan', 'चितवन', 3),
(39, 'Makwanpur', 'मकवानपुर', 3),
(40, 'Sindhuli', 'सिन्दुली', 3),
(41, 'Dhading', 'धादिङ', 3),
(42, 'Nuwakot', ' नुवाकोट', 3),
(43, 'Lalitpur', 'ललितपुर', 3),
(44, 'Bhaktapur', 'भक्तपुर', 3),
(45, 'Kathmandu', 'काठमाडौँ', 3),
(46, 'Kabhre', 'काभ्रे', 3),
(47, 'Ramechhap', 'रामेछाप', 3),
(48, 'Dolakha', 'धोलाखा', 3),
(49, 'Sindhupalchok', 'सिन्धुपाल्चोक', 3),
(50, 'Manang', 'मनाङ', 4),
(51, 'Mustang', 'मुस्ताङ ', 4),
(52, 'Gorkha', 'गोर्खा', 4),
(53, 'Lamjung', 'लमजुङ', 4),
(54, 'Kaski', 'कास्की', 4),
(55, 'Tanahu', 'तनहु', 4),
(56, 'Nawalparasi East', ' नवलपरासी ', 4),
(57, 'Syanja', 'स्याङग्जा', 4),
(58, 'Parbat', 'पर्वत', 4),
(59, 'Baglung ', 'बागलुङ', 4),
(60, 'Myagdi', 'म्याग्दी ', 4),
(61, 'Bardiya', '	बर्दिया', 5),
(62, 'Banke', 'बाँके', 5),
(63, 'Dang', 'दाङ', 5),
(64, 'Rolpa', 'रोल्पा ', 5),
(65, 'Rukum East', 'पश्चिमी रूकुम ', 5),
(67, 'Pyuthan', 'प्युठान', 5),
(68, 'Gulmi', 'गुल्मी', 5),
(69, 'Arghakhanchi', 'अर्घाखाँची', 5),
(70, 'Kapilbastu', 'कपिलवस्तु ', 5),
(71, 'Palpa', 'पाल्पा', 5),
(72, 'Rupendehi', 'रुपन्देही', 5),
(73, 'Nawalparasi', 'नवलपरासी', 5),
(74, 'Humla', 'हुम्ला', 6),
(75, 'Kalikot', 'कालिकोट', 6),
(76, 'Mugu', 'मुगु', 6),
(77, 'Jumla', 'जुम्ला', 6),
(78, 'Dolpa', 'डोल्पा', 6),
(79, 'Dailekh', 'दैलेख', 6),
(80, 'Surkhet', 'सुर्खेत', 6),
(81, 'Salyan', 'सल्यान', 6),
(82, 'Rukum West', 'पश्चिमी रूकुम', 6),
(83, 'Jajarkot', '	जाजरकोट', 6),
(84, 'Darchula', 'दार्चुला', 7),
(85, 'Baitadi', 'बैतडी', 7),
(86, 'Bajhang', 'बझाङ', 7),
(87, 'Bajura', 'बाजुरा', 7),
(88, 'Dadeldhura', 'डडेलधुरा ', 7),
(89, 'Doti', 'डोटी', 7),
(90, 'Achham', 'अछाम', 7),
(91, 'Kanchanpur', 'कंचनपुर', 7),
(92, 'Kailali', 'कैलाली', 7);

-- --------------------------------------------------------

--
-- Table structure for table `khalti_transaction`
--

CREATE TABLE `khalti_transaction` (
  `id` int NOT NULL,
  `amount` decimal(10,0) NOT NULL,
  `fee_amount` decimal(10,0) NOT NULL,
  `payer_name` varchar(250) COLLATE utf8mb3_unicode_520_ci NOT NULL,
  `token` text COLLATE utf8mb3_unicode_520_ci NOT NULL,
  `product_identity` varchar(250) COLLATE utf8mb3_unicode_520_ci NOT NULL,
  `state_name` varchar(250) COLLATE utf8mb3_unicode_520_ci NOT NULL,
  `type_name` varchar(250) COLLATE utf8mb3_unicode_520_ci NOT NULL,
  `created_date` varchar(250) COLLATE utf8mb3_unicode_520_ci NOT NULL
) ENGINE=InnoDB DEFAULT CHARSET=utf8mb3 COLLATE=utf8mb3_unicode_520_ci;

--
-- Dumping data for table `khalti_transaction`
--

INSERT INTO `khalti_transaction` (`id`, `amount`, `fee_amount`, `payer_name`, `token`, `product_identity`, `state_name`, `type_name`, `created_date`) VALUES
(1, '10000', '300', 'Hiramani Pun (9816513419)', 'ENDubvfPi84E2HotiUVa2j', '1-626e37c736b01', 'Completed', 'Wallet payment', '2022-05-01T13:18:33.927156+05:45'),
(2, '10000', '300', 'Hiramani Pun (9816513419)', 'fEnjSyPMzGHbjYh7t23Frf', '1-626e3811912c8', 'Completed', 'Wallet payment', '2022-05-01T13:19:52.799116+05:45'),
(3, '10000', '300', 'Hiramani Pun (9816513419)', 'zqzj4EuHALWdx2kgmfWaha', '1-626e39190ab2b', 'Completed', 'Wallet payment', '2022-05-01T13:24:16.824112+05:45'),
(4, '10000', '300', 'Hiramani Pun (9816513419)', 'jEn9btqzu9fZELsPkiuwvG', '7-626e9a0c91929', 'Completed', 'Wallet payment', '2022-05-01T20:18:00.325583+05:45'),
(5, '10000', '300', 'Hiramani Pun (9816513419)', 'FPxV2x3WK9M9YJypsEtyYM', '6-OfXi5DQAsBtG8FYglM4-', 'Completed', 'Wallet payment', '2022-06-19T11:22:36.851992+05:45'),
(6, '10000', '300', 'Hiramani Pun (9816513419)', '8goRVH3hvXwYV6WKjApRpB', '6-OfXi5DQAsBtG8FYglM4-', 'Completed', 'Wallet payment', '2022-06-19T11:23:49.982587+05:45'),
(7, '10000', '300', 'Hiramani Pun (9816513419)', 'QdCaLqR8iw87cWmcosUFyd', '14-4syK0M8jaNz3fvv7cVYx', 'Completed', 'Wallet payment', '2022-10-12T17:27:46.953858+05:45');

-- --------------------------------------------------------

--
-- Table structure for table `municipals`
--

CREATE TABLE `municipals` (
  `id` int NOT NULL,
  `name` varchar(200) CHARACTER SET utf8mb4 COLLATE utf8mb4_unicode_520_ci NOT NULL,
  `municipal_nepali` varchar(500) CHARACTER SET utf8mb4 COLLATE utf8mb4_unicode_520_ci NOT NULL,
  `fk_district` int NOT NULL,
  `fk_province` int NOT NULL
) ENGINE=InnoDB DEFAULT CHARSET=latin1;

--
-- Dumping data for table `municipals`
--

INSERT INTO `municipals` (`id`, `name`, `municipal_nepali`, `fk_district`, `fk_province`) VALUES
(15, 'Damak Municipality', 'दमक नगरपालिका', 1, 1),
(16, 'Kamal', 'कमल गाउँपालिका', 1, 1),
(17, 'Gauradhaha', 'गौरादह नगरपालिका', 1, 1),
(18, 'Shivasataxi', 'शिवशताक्षी नगरपालिका', 1, 1),
(19, 'Kankai', '	कन्काई नगरपालिका', 1, 1),
(20, 'Jhapa', '	झापा गाउँपालिका', 1, 1),
(21, 'Barhadashi', 'बाह्रदशी गाउँपालिका', 1, 1),
(22, 'Birtamod', 'विर्तामोड नगरपालिका', 1, 1),
(23, 'Haldibari', '	हल्दिवारी गाउँपालिका', 1, 1),
(24, 'Bhadrapur', '	भद्रपुर नगरपालिका', 1, 1),
(25, 'Kachankawal', '	कचनकवल गाउँपालिका', 1, 1),
(26, 'Arjundhara', '	अर्जुनधारा नगरपालिका', 1, 1),
(27, 'Mechinagar', '	मेचीनगर नगरपालिका', 1, 1),
(28, 'Buddhashanti', '	बुद्धशान्ति गाउँपालिका', 1, 1),
(29, 'kerabari', 'केरावारी गाउँपालिका', 2, 1),
(30, 'Letang Municipality', '	लेटाङ नगरपालिका', 2, 1),
(31, 'Miklajung', 'मिक्लाजुङ गाउँपालिका', 2, 1),
(32, 'Sundarharaicha', 'सुन्दरहरैचा नगरपालिका', 2, 1),
(33, 'Belbari', 'बेलवारी नगरपालिका', 2, 1),
(34, 'Kanepokhari', 'कानेपोखरी गाउँपालिका', 2, 1),
(35, 'Pataharishanishchare', 'पथरी शनिश्चरे नगरपालिका', 2, 1),
(36, 'Budhiganga', 'बुढीगंगा गाउँपालिका', 2, 1),
(37, 'Katahari', 'कटहरी गाउँपालिका', 2, 1),
(38, 'Rangeli Municipality', 'रंगेली नगरपालिका', 2, 1),
(39, 'Biratnagar', 'विराटनगर महानगरपालिका', 2, 1),
(40, 'Jahada', 'जहदा गाउँपालिका', 2, 1),
(41, 'Dhanpalthan', 'धनपालथान गाउँपालिका', 2, 1),
(42, 'Sunwarshi', 'सुनवर्षि नगरपालिका', 2, 1),
(43, 'RAtuwamai', 'रतुवामाई नगरपालिका', 2, 1),
(44, 'Urlabari', '	उर्लावारी नगरपालिका', 2, 1),
(45, 'Gramthan', 'ग्रामथान गाउँपालिका', 2, 1),
(46, 'Sandakpur', 'सन्दकपुर गाउँपालिका', 3, 1),
(47, 'Fakphokthum', 'फाकफोकथुम गाउँपालिका', 3, 1),
(48, 'Deumai', 'देउमाई नगरपालिका', 3, 1),
(49, 'Ilam', 'ईलाम नगरपालिका', 3, 1),
(50, 'Maijogmai', 'माईजोगमाई गाउँपालिका', 3, 1),
(51, 'Suryodaya', '	सूर्योदय नगरपालिका', 3, 1),
(52, 'Rong', 'रोङ गाउँपालिका', 3, 1),
(53, 'Mai', 'माई नगरपालिका', 3, 1),
(54, 'Chulachuli', 'चुलाचुली गाउँपालिका', 3, 1),
(55, 'Mangsebung', '	माङसेबुङ गाउँपालिका', 3, 1),
(56, 'Barahchhetra', 'बराहक्षेत्र नगरपालिका', 4, 1),
(57, 'Dharan', 'धरान उपमहानगरपालिका', 4, 1),
(58, 'Ramdhuni', 'रामधुनी नगरपालिका', 4, 1),
(59, 'Itahari', 'ईटहरी उपमहानगरपालिका', 4, 1),
(60, 'Inaruwa', 'ईनरुवा नगरपालिका', 4, 1),
(61, 'Gadhi', 'गढी गाउँपालिका', 4, 1),
(62, 'Duhabi', 'दुहवी नगरपालिका', 4, 1),
(63, 'Barju', 'बर्जु गाउँपालिका', 4, 1),
(64, 'Dewanganj', 'देवानगञ्ज गाउँपालिका', 4, 1),
(65, 'Harinagar', '	हरिनगर गाउँपालिका', 4, 1),
(66, 'Koshi', 'कोशी गाउँपालिका', 4, 1),
(67, 'Bhokraha Nursing', 'भोक्राहा नरसिंह गाउँपालिका', 4, 1),
(68, 'Mahalaxmi', 'महालक्ष्मी नगरपालिका', 5, 1),
(69, 'Pakhribas', 'पाख्रिबास नगरपालिका', 5, 1),
(70, 'Shahidbhumi', 'सहिदभूमि गाउँपालिका', 5, 1),
(71, 'Sangurigadhi', 'साँगुरीगढी गाउँपालिका', 5, 1),
(72, 'Chaubise', 'चौविसे गाउँपालिका', 5, 1),
(73, 'Dhankuta', '	धनकुटा नगरपालिका', 5, 1),
(74, 'Chhathar Jorpati', '	छथर जोरपाटी गाउँपालिका', 5, 1),
(75, 'Miklajung', 'मिक्लाजुङ गाउँपालिका', 6, 1),
(76, 'Tumbewa', 'तुम्बेवा गाउँपालिका', 6, 1),
(77, 'Kummayak', 'कुम्मायक गाउँपालिका', 6, 1),
(78, 'Falgunanda', '	फाल्गुनन्द गाउँपालिका', 6, 1),
(79, 'Falelung', 'फालेलुङ गाउँपालिका', 6, 1),
(80, 'Yangwarak', 'याङवरक गाउँपालिका', 6, 1),
(81, 'Phidim', 'फिदिम नगरपालिका', 6, 1),
(82, 'Hilihang', '	हिलिहाङ गाउँपालिका', 6, 1),
(83, 'Menchayam', 'मेन्छयायेम गाउँपालिका', 7, 1),
(84, 'Athrai', 'आठराई गाउँपालिका', 7, 1),
(85, 'Phedap', 'फेदाप गाउँपालिका', 7, 1),
(86, 'Myanglum', '	म्याङलुङ नगरपालिका', 7, 1),
(87, 'Laligurans', 'लालीगुराँस नगरपालिका', 7, 1),
(88, 'Chhathar', '	छथर गाउँपालिका', 7, 1),
(89, 'Phaktanglung', 'फक्ताङलुङ गाउँपालिका', 8, 1),
(90, 'Mikwakhola', '	मैवाखोला गाउँपालिका', 8, 1),
(91, 'Meringden', 'मेरिङदेन गाउँपालिका', 8, 1),
(92, 'Maiwakhola', '	मिक्वाखोला गाउँपालिका', 8, 1),
(93, 'Phunling', 'फुङलिङ नगरपालिका', 8, 1),
(94, 'Sirijangha', 'सिरीजङ्घा गाउँपालिका', 8, 1),
(95, 'Sidingba', '	सिदिङ्वा गाउँपालिका', 8, 1),
(96, 'Athrai Tribeni', '	आठराई त्रिवेणी गाउँपालिका', 8, 1),
(97, 'Pathibhara Yangwarak', 'पाथीभरा याङवरक गाउँपालिका', 8, 1),
(98, 'Salpasilichho', 'साल्पासिलिछो गाउँपालिका', 9, 1),
(99, 'Shadananda', '	षडानन्द नगरपालिका', 9, 1),
(100, 'Bhojpur', 'भोजपुर नगरपालिका', 9, 1),
(101, 'Temkemaiyum', '	टेम्केमैयुङ गाउँपालिका', 9, 1),
(102, 'Arun', 'अरुण गाउँपालिका', 9, 1),
(103, 'Pauwadungma', 'पौवादुङमा गाउँपालिका', 9, 1),
(104, 'Ramprasad Rai', 'रामप्रसाद राई गाउँपालिका', 9, 1),
(105, 'Hatuwagadhi', 'हतुवागढी गाउँपालिका', 9, 1),
(106, 'Aamchowk', 'आमचोक गाउँपालिका', 9, 1),
(107, 'Bhotkhola', 'भोटखोला गाउँपालिका', 10, 1),
(108, 'Makalu', 'मकालु गाउँपालिका', 10, 1),
(109, 'Silichong', 'सिलीचोङ गाउँपालिका', 10, 1),
(110, 'Chichila', 'चिचिला गाउँपालिका', 10, 1),
(111, 'Khandabari', 'खाँदवारी नगरपालिका', 10, 1),
(112, 'Sabhapokhari', 'सभापोखरी गाउँपालिका', 10, 1),
(113, 'Panchakhapan', 'पाँचखपन नगरपालिका', 10, 1),
(114, 'Chainpur', '	चैनपुर नगरपालिका', 10, 1),
(115, 'Madi', 'मादी नगरपालिका', 10, 1),
(116, 'Dharmadevi', 'धर्मदेवी नगरपालिका', 10, 1),
(117, 'Ainselukhark', 'ऐसेलुखर्क गाउँपालिका', 11, 1),
(118, 'Kepilasagadhi', 'केपिलासगढी गाउँपालिका', 11, 1),
(119, 'Rawa Besi', 'रावा बेसी गाउँपालिका', 11, 1),
(120, 'Doktel Rupkot Majhuwagadi', 'दिक्तेल रुपाकोट मझुवागढी नगरपालिका', 11, 1),
(121, 'Sakela', 'साकेला गाउँपालिका', 11, 1),
(122, 'Halesi Tuwachung', 'हलेसी तुवाचुङ नगरपालिका', 11, 1),
(123, 'Diprung Chuichumma', 'दिप्रुङ चुइचुम्मा गाउँपालिका', 11, 1),
(124, 'Khotehang', 'खोटेहाङ गाउँपालिका', 11, 1),
(125, 'Jantedhunga', 'जन्तेढुंगा गाउँपालिका', 11, 1),
(126, 'Barahpokhari', '	वराहपोखरी गाउँपालिका', 11, 1),
(127, 'Katari', 'कटारी नगरपालिका', 12, 1),
(128, 'Tapil', '	ताप्ली गाउँपालिका', 12, 1),
(129, 'Limchungbung', '	लिम्चुङ्बुङ गाउँपालिका', 12, 1),
(130, 'Udayapurgadhi', 'उदयपुरगढी गाउँपालिका', 12, 1),
(131, 'Rautamai', 'रौतामाई गाउँपालिका', 12, 1),
(132, 'Triyuga', '	त्रियुगा नगरपालिका', 12, 1),
(133, 'Chaudandigadhi', 'चौदण्डीगढी नगरपालिका', 12, 1),
(134, 'baleka', 'वेलका नगरपालिका', 12, 1),
(135, 'Khijidemba', 'खिजिदेम्बा गाउँपालिका', 13, 1),
(136, 'Likhu', '	लिखु गाउँपालिका', 13, 1),
(137, 'Molung', 'मोलुङ गाउँपालिका', 13, 1),
(138, 'Champadevi', 'चम्पादेवी गाउँपालिका', 13, 1),
(139, 'Sunkoshi', '	सुनकोशी गाउँपालिका', 13, 1),
(140, 'Siddhicharan', 'सिद्दिचरण नगरपालिका', 13, 1),
(141, 'Manebhanjyang', 'मानेभञ्याङ गाउँपालिका', 13, 1),
(142, 'Khumbupasanglahmu', 'खुम्वु पासाङल्हमु गाउँपालिका', 14, 1),
(143, 'Mahakulung', 'माहाकुलुङ गाउँपालिका', 14, 1),
(144, 'Likhupike', 'लिखु पिके गाउँपालिका', 14, 1),
(145, 'SoluDudhakunda', 'सोलुदुधकुण्ड नगरपालिका', 14, 1),
(146, 'Mapya Dudhakoshi', 'माप्य दुधकोशी गाउँपालिका', 14, 1),
(147, 'Sotang', 'सोताङ गाउँपालिका', 14, 1),
(148, 'NechaSalyan', 'नेचासल्यान गाउँपालिका', 14, 1),
(149, 'Thori', 'ठोरी गाउँपालिका', 15, 2),
(150, 'Jirabhawani', 'जिरा भवानी गाउँपालिका', 15, 2),
(151, 'Paterwasugauli', '	पटेर्वा सुगौली गाउँपालिका', 15, 2),
(152, 'SakhuwaPrasauni', 'सखुवा प्रसौनी गाउँपालिका', 15, 2),
(153, 'Parsagadhi', 'पर्सागढी नगरपालिका', 15, 2),
(154, 'Jagarnathpur', '	जगरनाथपुर गाउँपालिका', 15, 2),
(155, 'Dhobini', 'धोबीनी गाउँपालिका', 15, 2),
(156, 'Pokhariya', 'पोखरिया नगरपालिका', 15, 2),
(157, 'Bahudaramai', 'बहुदरमाई नगरपालिका', 15, 2),
(158, 'Birgunj', 'बिरगंज महानगरपालिका', 15, 2),
(159, 'Kalikamai', 'कालिकामाई गाउँपालिका', 15, 2),
(160, 'Bindabasini', 'बिन्दबासिनी गाउँपालिका', 15, 2),
(161, 'Chhipaharmai', 'छिपहरमाई गाउँपालिका', 15, 2),
(162, 'Pakahamainpur', 'पकाहा मैनपुर गाउँपालिका', 15, 2),
(163, 'Jitpur Simara', 'जीतपुर सिमरा उपमहानगरपालिका', 16, 2),
(164, 'Nigadh', 'निजगढ नगरपालिका', 16, 2),
(165, 'Kolhabi', 'कोल्हवी नगरपालिका', 16, 2),
(166, 'Kalaiya', 'कलैया उपमहानगरपालिका', 16, 2),
(167, 'Karaiyamai', '	करैयामाई गाउँपालिका', 16, 2),
(168, 'Baragadhi', 'बारागढीगाउँपालिका', 16, 2),
(169, 'AdarshKotwal', 'आदर्श कोटवाल गाउँपालिका', 16, 2),
(170, 'Mahangadhimai', 'महागढीमाई नगरपालिका', 16, 2),
(171, 'Devtal', '	देवताल गाउँपालिका', 16, 2),
(172, 'Suwarna', 'सुवर्ण गाउँपालिका', 16, 2),
(173, 'Simraungadh', 'सिम्रौनगढ नगरपालिका', 16, 2),
(174, 'Pacharauta', 'पचरौता नगरपालिका', 16, 2),
(175, 'Bishrampur', 'विश्रामपुर गाउँपालिका', 16, 2),
(176, 'Pheta', 'फेटा गाउँपालिका', 16, 2),
(177, 'Prasauni', '	प्रसौनी गाउँपालिका', 16, 2),
(178, 'Chandrapur', 'चन्द्रपुर नगरपालिका', 17, 2),
(179, 'Gujara', 'गुजरा नगरपालिका', 17, 2),
(180, 'Brindaban', 'बृन्दावन नगरपालिका', 17, 2),
(181, 'Kathariya', 'कटहरिया नगरपालिका', 17, 2),
(182, 'Phatuwa Bijayapur', 'फतुवाबिजयपुर नगरपालिका', 17, 2),
(183, 'Garuda', 'गरुडा नगरपालिका', 17, 2),
(184, 'Gadhimai', '	गढीमाई नगरपालिका', 17, 2),
(185, 'Maulapur', 'मौलापुर नगरपालिका', 17, 2),
(186, 'Debahhi Gonahi', 'देवाही गोनाही नगरपालिका', 17, 2),
(187, 'Baudhimai', 'बौधीमाई नगरपालिका', 17, 2),
(188, 'Paroha', 'परोहा नगरपालिका', 17, 2),
(189, 'Yamunamai', 'यमुनामाई गाउँपालिका', 17, 2),
(190, 'Durga Bhagawati', 'दुर्गा भगवती गाउँपालिका', 17, 2),
(191, 'Rajpur', 'राजपुर नगरपालिका', 17, 2),
(192, 'Ishanath', 'ईशनाथ नगरपालिका', 17, 2),
(193, 'Gaur', 'गौर नगरपालिका', 17, 2),
(194, 'Rajdevi', 'राजदेवी नगरपालिका', 17, 2),
(195, 'Bagmati', 'बागमती नगरपालिका', 18, 2),
(196, 'Hariwan', '	हरिवन नगरपालिका', 18, 2),
(197, 'Haripur', '	हरिपुर नगरपालिका', 18, 2),
(198, 'Ishworpur', 'ईश्वरपुर नगरपालिका', 18, 2),
(199, 'Barahathawa', 'बरहथवा नगरपालिका', 18, 2),
(200, 'Basbariya', 'बसबरीया गाउँपालिका', 18, 2),
(201, 'Kabilasi', '	कविलासी नगरपालिका', 18, 2),
(202, 'Chandranagar', 'चन्द्रनगर गाउँपालिका', 18, 2),
(203, 'Haripurwa', 'हरिपुर्वा नगरपालिका', 18, 2),
(204, 'Chakraghatta', 'चक्रघट्टा गाउँपालिका', 18, 2),
(205, 'Bramhapuri', 'ब्रह्मपुरी गाउँपालिका', 18, 2),
(206, 'Parsa', 'पर्सा गाउँपालिका', 18, 2),
(207, 'Malangawa', 'मलंगवा नगरपालिका', 18, 2),
(208, 'Kaudena', 'कौडेना गाउँपालिका', 18, 2),
(209, 'Godaita', 'गोडैटा नगरपालिका', 18, 2),
(210, 'Ramnagar', 'रामनगर गाउँपालिका', 18, 2),
(211, 'Bishnu', 'विष्णु गाउँपालिका', 18, 2),
(212, 'Balara', 'बलरा नगरपालिका', 18, 2),
(213, 'Bardibas', 'बर्दिबास नगरपालिका', 19, 2),
(214, 'Gaushala', 'गौशाला नगरपालिका', 19, 2),
(215, 'Sonama', 'सोनमा गाउँपालिका', 19, 2),
(216, 'Aurahi', 'औरही नगरपालिका', 19, 2),
(217, 'Bhangaha', 'भँगाहा नगरपालिका', 19, 2),
(218, 'Samsi', 'साम्सी गाउँपालिका', 19, 2),
(219, 'Ramgopalpur', 'रामगोपालपुर नगरपालिका', 19, 2),
(220, 'Balwa', 'बलवा नगरपालिका', 19, 2),
(221, 'Loharpatti', 'लोहरपट्टी नगरपालिका', 19, 2),
(222, 'Manra Siswa', 'मनरा शिसवा नगरपालिका', 19, 2),
(223, 'Maottari', 'महोत्तरी गाउँपालिका', 19, 2),
(224, 'Ekdanra', 'एकडारा गाउँपालिका', 19, 2),
(225, 'Jaleswor', 'जलेश्वर नगरपालिका', 19, 2),
(226, 'Matihani', 'मटिहानी नगरपालिका', 19, 2),
(227, 'Mithila', 'मिथिला नगरपालिका', 20, 2),
(228, 'Bateshwor', 'बटेश्वर गाउँपालिका', 20, 2),
(229, 'Dhanusadham', 'धनुषाधाम नगरपालिका', 20, 2),
(230, 'Ganeshman Charnath', 'गणेशमान चारनाथ नगरपालिका', 20, 2),
(231, 'Chhireshwornath', 'क्षिरेश्वरनाथ नगरपालिका', 20, 2),
(232, 'Lakshminiya', 'लक्ष्मीनिया गाउँपालिका', 20, 2),
(233, 'Mithila Bihari', 'मिथिला बिहारी नगरपालिका', 20, 2),
(234, 'Sabaila', 'सबैला नगरपालिका', 20, 2),
(235, 'Hansapur', 'हंसपुर नगरपालिका', 20, 2),
(236, 'Janakpurdham', 'जनकपुरधाम उपमहानगरपालिका', 20, 2),
(237, 'Aurahi', 'औरही गाउँपालिका', 20, 2),
(238, 'Sahidnagar', 'शहीदनगर नगरपालिका', 20, 2),
(239, 'Kamala', 'कमला नगरपालिका', 20, 2),
(240, 'Bideha', 'विदेह नगरपालिका', 20, 2),
(241, 'Janaknandani', 'जनकनन्दिनी गाउँपालिका', 20, 2),
(242, 'Dhanauji', 'धनौजी गाउँपालिका', 20, 2),
(243, 'Nagarain', 'नगराइन नगरपालिका', 20, 2),
(244, 'Mukhaiyapatti Musaharmiya', 'मुखियापट्टी मुसहरमिया गाउँपालिका', 20, 2),
(245, 'Karjanha', 'कर्जन्हा नगरपालिका', 21, 2),
(246, 'Mirchaiya', 'मिर्चैयाँ नगरपालिका', 21, 2),
(247, 'Kalyanpur', 'कल्याणपुर नगरपालिका', 21, 2),
(248, 'Bishnupur', 'विष्णुपुर गाउँपालिका', 21, 2),
(249, 'Siraha', 'सिरहा नगरपालिका', 21, 2),
(250, 'Arnama', 'अर्नमा गाउँपालिका', 21, 2),
(251, 'Lahan', 'लहान नगरपालिका', 21, 2),
(252, 'Naraha', '	नरहा गाउँपालिका', 21, 2),
(253, 'Dhangadhimai', 'धनगढीमाई नगरपालिका', 21, 2),
(254, 'Golbazar', 'गोलबजार नगरपालिका', 21, 2),
(255, 'Sukhipur', 'सुखीपुर नगरपालिका', 21, 2),
(256, 'Laxmipur', 'लक्ष्मीपुर पतारी गाउँपालिका', 21, 2),
(257, 'Aurahi', 'औरही गाउँपालिका', 21, 2),
(258, 'Bariyarpatti', 'बरियारपट्टी गाउँपालिका', 21, 2),
(259, 'Nawarajpur', 'नवराजपुर गाउँपालिका', 21, 2),
(260, 'Bhagawanpur', 'भगवानपुर गाउँपालिका', 21, 2),
(261, 'Surunga', 'सुरुङ्‍गा नगरपालिका', 22, 2),
(262, 'Khadak', 'खडक नगरपालिका', 22, 2),
(263, 'Shambhunath', 'शम्भुनाथ नगरपालिका', 22, 2),
(264, 'Rupani', 'रुपनी गाउँपालिका', 22, 2),
(265, 'Balan Bihul', 'बलान-बिहुल गाउँपालिका', 22, 2),
(266, 'Bode Barsain', 'बोदेबरसाईन नगरपालिका', 22, 2),
(267, 'Dakneshwori', 'डाक्नेश्वरी नगरपालिका', 22, 2),
(268, 'Agnisair Krishna Savaran', 'अग्निसाइर कृष्णासरवन गाउँपालिका', 22, 2),
(269, 'Saptkoshi', 'सप्तकोशी नगरपालिका', 22, 2),
(270, 'Kanchanrup', '	कञ्चनरुप नगरपालिका', 22, 2),
(271, 'Tirahut', 'तिरहुत गाउँपालिका', 22, 2),
(272, 'Mahadeva', 'महादेवा गाउँपालिका', 22, 2),
(273, 'Rajbiraj', 'राजविराज नगरपालिका', 22, 2),
(274, 'Hanumannagar Kankalini', 'हनुमाननगर कङ्‌कालिनी नगरपालिका', 22, 2),
(275, 'Tilathi Koladi', '	तिलाठी कोईलाडी गाउँपालिका', 22, 2),
(276, 'Chhinnamasta', 'छिन्नमस्ता गाउँपालिका', 22, 2),
(277, 'Rajgadh', 'राजगढ गाउँपालिका', 22, 2),
(278, 'Aamachhodingmo', 'आमाछोदिङमो गाउँपालिका', 37, 3),
(279, 'Gosainkunda', 'गोसाईकुण्ड गाउँपालिका', 37, 3),
(280, 'Uttargaya', 'उत्तरगया गाउँपालिका', 37, 3),
(281, 'Kalika', 'कालिका गाउँपालिका', 37, 3),
(282, 'Nakunda', 'नौकुण्ड गाउँपालिका', 37, 3),
(283, 'Madi', 'माडी नगरपालिका', 38, 3),
(284, 'Bharatpur', 'भरतपुर महानगरपालिका', 38, 3),
(285, 'Ratnangar', 'रत्ननगर नगरपालिका', 38, 3),
(286, 'Khairahani', 'खैरहनी नगरपालिका', 38, 3),
(287, 'Rapti', '	राप्ती नगरपालिका', 38, 3),
(288, 'Kalika', 'कालिका नगरपालिका', 38, 3),
(289, 'Ichchhyakamana', 'इच्छाकामना गाउँपालिका', 38, 3),
(290, 'Raksirang', 'राक्सिराङ्ग गाउँपालिका', 39, 3),
(291, 'Kailash', 'कैलाश गाउँपालिका', 39, 3),
(292, 'Thaha', 'थाहा नगरपालिका', 39, 3),
(293, 'Indrasarowar', 'इन्द्रसरोबर गाउँपालिका', 39, 3),
(294, 'Bhimphedi', 'भिमफेदी गाउँपालिका', 39, 3),
(295, 'Manahari', 'मनहरी गाउँपालिका', 39, 3),
(296, 'Makwanpurgadhi', '	मकवानपुरगढी गाउँपालिका', 39, 3),
(297, 'Hetauda', 'हेटौडा उपमहानगरपालिका', 39, 3),
(298, 'Bakaiya', 'बकैया गाउँपालिका', 39, 3),
(299, 'Bagmati', 'बाग्मति गाउँपालिका', 39, 3),
(300, 'Sunakoshi', 'सुनकोशी गाउँपालिका', 40, 3),
(301, 'Ganglekh', 'घ्याङलेख गाउँपालिका', 40, 3),
(302, 'Hariharpurgadhi', 'हरिहरपुरगढी गाउँपालिका', 40, 3),
(303, 'Marin', 'मरिण गाउँपालिका', 40, 3),
(304, 'Kamalamai', 'कमलामाई नगरपालिका', 40, 3),
(305, 'Golanjor', 'गोलन्जर गाउँपालिका', 40, 3),
(306, 'Phikkal', 'फिक्कल गाउँपालिका', 40, 3),
(307, 'Tinpatan', 'तीनपाटन गाउँपालिका', 40, 3),
(308, 'Dudhauli', 'दुधौली नगरपालिका', 40, 3),
(309, 'Rubi Valley', 'रुवी भ्याली गाउँपालिका', 41, 3),
(310, 'Gangajamuna', 'गङ्गाजमुना गाउँपालिका', 41, 3),
(311, 'Khaniyabash', 'खनियाबास गाउँपालिका', 41, 3),
(312, 'Tripura Sundari', 'त्रिपुरासुन्दरी गाउँपालिका', 41, 3),
(313, 'Netrawati Dabjong', 'नेत्रावती डबजोङ गाउँपालिका', 41, 3),
(314, 'Jwalamukhi', 'ज्वालामूखी गाउँपालिका', 41, 3),
(315, 'Nilakantha', 'निलकण्ठ नगरपालिका', 41, 3),
(316, 'Siddhalek', '	सिद्धलेक गाउँपालिका', 41, 3),
(317, 'Galchhi', 'गल्छी गाउँपालिका', 41, 3),
(318, 'Benighat', 'बेनीघाट रोराङ्ग गाउँपालिका', 41, 3),
(319, 'Gajuri', 'गजुरी गाउँपालिका', 41, 3),
(320, 'Thakre', '	थाक्रे गाउँपालिका', 41, 3),
(321, 'Kispang', '	किस्पाङ गाउँपालिका', 42, 3),
(322, 'Myagang', 'म्यगङ गाउँपालिका', 42, 3),
(323, 'Bidur', 'विदुर नगरपालिका', 42, 3),
(324, 'Tarkeshwar', 'तारकेश्वर गाउँपालिका', 42, 3),
(325, 'Suryagadhi', 'सुर्यगढी गाउँपालिका', 42, 3),
(326, 'Likhu', 'लिखु गाउँपालिका', 42, 3),
(327, 'Tadi', 'तादी गाउँपालिका', 42, 3),
(328, 'Panchakanya', 'पञ्चकन्या गाउँपालिका', 42, 3),
(329, 'Dupcheswar', 'दुप्चेश्वर गाउँपालिका', 42, 3),
(330, 'Shivapuri', '	शिवपुरी गाउँपालिका', 42, 3),
(331, 'Kakani', 'ककनी गाउँपालिका', 42, 3),
(332, 'Belkotgadhi', '	बेलकोटगढी नगरपालिका', 42, 3),
(333, 'Lalitpur', 'ललितपुर महानगरपालिका', 43, 3),
(334, 'Mahalaxmi', 'महालक्ष्मी नगरपालिका', 43, 3),
(335, 'Godawari', '	गोदावरी नगरपालिका', 43, 3),
(336, 'Bagmati', 'बागमती गाउँपालिका', 43, 3),
(337, 'Mahankal', 'महाङ्काल गाउँपालिका', 43, 3),
(338, 'Konjyosom', 'कोन्ज्योसोम गाउँपालिका', 43, 3),
(339, 'Madhyapur Thimi', 'मध्यपुर थिमी नगरपालिका', 44, 3),
(340, 'Changunarayan', 'चाँगुनारायण नगरपालिका', 44, 3),
(341, 'Bhaktapur', '	भक्तपुर नगरपालिका', 44, 3),
(342, 'Suryabinayak', '	सूर्यविनायक नगरपालिका', 44, 3),
(343, 'Dakshinkali', 'दक्षिणकाली नगरपालिका', 45, 3),
(344, 'Kirtipur', 'कीर्तिपुर नगरपालिका', 45, 3),
(345, 'Chandragiri', 'चन्द्रागिरी नगरपालिका', 45, 3),
(346, 'Kathmandu', 'काठमाण्डौं महानगरपालिका', 45, 3),
(347, 'Nagarjun', 'नागार्जुन नगरपालिका', 45, 3),
(348, 'Tarakeshwar', 'तारकेश्वर नगरपालिका', 45, 3),
(349, 'Budhanilkanth', 'बुढानिलकण्ठ नगरपालिका', 45, 3),
(350, 'Tokha', 'टोखा नगरपालिका', 45, 3),
(351, 'Gokarneshwar', 'गोकर्णेश्वर नगरपालिका', 45, 3),
(352, 'Shankarapur', 'शङ्खरापुर नगरपालिका', 45, 3),
(353, 'Kageshwori Manahora', 'कागेश्वरी मनोहरा नगरपालिका', 45, 3),
(354, 'Mandendeupur', 'मण्डनदेउपुर नगरपालिका', 46, 3),
(355, 'Banepa', 'बनेपा नगरपालिका', 46, 3),
(356, 'Panauti', 'पनौती नगरपालिका', 46, 3),
(357, 'Dhulikhel', 'धुलिखेल नगरपालिका', 46, 3),
(358, 'Panchkhal', 'पाँचखाल नगरपालिका', 46, 3),
(359, 'Bhumlu', 'भुम्लु गाउँपालिका', 46, 3),
(360, 'Chaurideurali', 'चौंरीदेउराली गाउँपालिका', 46, 3),
(361, 'Temal', '	तेमाल गाउँपालिका', 46, 3),
(362, 'Namobuddha', 'नमोबुद्ध नगरपालिका', 46, 3),
(363, 'Rosi', 'रोशी गाउँपालिका', 46, 3),
(364, 'Khanikhola', 'खानीखोला गाउँपालिका', 46, 3),
(365, 'Mahabharat', 'महाभारत गाँउपालिका', 46, 3),
(366, 'Doramba', 'दोरम्बा गाउँपालिका', 47, 3),
(367, 'Sunapati', 'सुनापती गाउँपालिका', 47, 3),
(368, 'Khadadevi', 'खाँडादेवी गाउँपालिका', 47, 3),
(369, 'Manthali', 'मन्थली नगरपालिका', 47, 3),
(370, 'Ramechhap', '	रामेछाप नगरपालिका', 47, 3),
(371, 'Likhu Tamakoshi', 'लिखु तामाकोशी गाउँपालिका', 47, 3),
(372, 'Gokulganga', 'गोकुलगङ्गा गाउँपालिका', 47, 3),
(373, 'Umakunda', 'उमाकुण्ड गाउँपालिका', 47, 3),
(374, 'Bigu', 'विगु गाउँपालिका', 48, 3),
(375, 'Gaurishankhar', 'गौरीशङ्कर गाउँपालिका', 48, 3),
(376, 'Kalinchok', 'कालिन्चोक गाउँपालिका', 48, 3),
(377, 'Jiri', '	जिरी नगरपालिका', 48, 3),
(378, 'Bhimeshwar', 'भिमेश्वर नगरपालिका', 48, 3),
(379, 'Baiteshwar', 'वैतेश्वर गाउँपालिका', 48, 3),
(380, 'Sailung', 'शैलुङ्ग गाउँपालिका', 48, 3),
(381, 'Melung', 'मेलुङ्ग गाउँपालिका', 48, 3),
(382, 'Tamakoshi', 'तामाकोशी गाउँपालिका', 48, 3),
(383, 'Helambu', '	हेलम्बु गाउँपालिका', 49, 3),
(384, 'Panchapokhari Thangpal', '	पाँचपोखरी थाङपाल गाउँपालिका', 49, 3),
(385, 'Jugal', 'जुगल गाउँपालिका', 49, 3),
(386, 'Bhotekoshi', 'भोटेकोशी गाउँपालिका', 49, 3),
(387, 'Melamchi', 'मेलम्ची नगरपालिका', 49, 3),
(388, 'Barhabise', 'बाह्रविसे नगरपालिका', 49, 3),
(389, 'Tripurasundari', 'त्रिपुरासुन्दरी गाउँपालिका', 49, 3),
(390, 'Sunkoshi', 'सुनकोशी गाउँपालिका', 49, 3),
(391, 'Lisangkhu Pakhar', 'लिसङ्खु पाखर गाउँपालिका', 49, 3),
(392, 'Indrawati', 'ईन्द्रावती गाउँपालिका', 49, 3),
(393, 'Balefi', 'बलेफी गाउँपालिका', 49, 3),
(394, 'Chautara Sangachokgadhi', 'चौतारा साँगाचोकगढी नगरपालिका', 49, 3),
(395, 'Narpa Bhumi', 'नार्पा भूमि गाउँपालिका', 50, 4),
(396, 'Chame', 'चामे गाउँपालिका', 50, 4),
(397, 'Nason', 'नासोँ गाउँपालिका', 50, 4),
(398, 'Manang Ngisyang', 'मनाङ ङिस्याङ गाउँपालिका', 50, 4),
(399, 'Lomanthang', 'लोमन्थाङ गाउँपालिका', 51, 4),
(400, 'Lo Gherkar Damodarkunda', 'लो-घेकर दामोदरकुण्ड गाउँपालिका', 51, 4),
(401, 'Varagung Muktichhetra', 'वारागुङ मुक्तिक्षेत्र गाउँपालिका', 51, 4),
(402, 'Gharapjhong', 'घरपझोङ गाउँपालिका', 51, 4),
(403, 'Thasang', 'थासाङ गाउँपालिका', 51, 4),
(404, 'Chum Nubri', 'चुमनुव्री गाउँपालिका', 52, 4),
(405, 'Dharche', '	धार्चे गाउँपालिका', 52, 4),
(406, 'Ajirkot', 'अजिरकोट गाउँपालिका', 52, 4),
(407, 'Barpak', 'बारपाक सुलिकोट गाउँपालिका', 52, 4),
(408, 'Gandaki Rural Municipality', 'गण्डकी गाउँपालिका', 52, 4),
(409, 'Aarughat', 'आरूघाट गाउँपालिका', 52, 4),
(410, 'Siranchok', 'सिरानचोक गाउँपालिका', 52, 4),
(411, 'Palungtar', 'पालुङटार नगरपालिका', 52, 4),
(412, 'Bhimsenthapa', 'भिमसेनथापा गाउँपालिका', 52, 4),
(413, 'Gorkha', 'गोरखा नगरपालिका', 52, 4),
(414, 'Sahid Lekhan', 'शहिद लखन गाउँपालिका', 52, 4),
(415, 'Marsyangdi', 'मर्स्याङदी गाउँपालिका', 53, 4),
(416, 'Kwholwsothar', 'क्व्होलासोथार गाउँपालिका', 53, 4),
(417, 'Besisahar', 'बेसीशहर नगरपालिका', 53, 4),
(418, 'Dordi', 'दोर्दी गाउँपालिका', 53, 4),
(419, 'Dudhpokhari', 'दूधपोखरी गाउँपालिका', 53, 4),
(420, 'Madhyanepal', 'मध्यनेपाल नगरपालिका', 53, 4),
(421, 'Sundarbazar', 'सुन्दरबजार नगरपालिका', 53, 4),
(422, 'Rainas', 'रार्इनास नगरपालिका', 53, 4),
(423, 'Annapurna', 'अन्नपूर्ण गाउँपालिका', 54, 4),
(424, 'Machhapuchchhre', 'माछापुच्छ्रे गाउँपालिका', 54, 4),
(425, 'Madi', 'मादी गाउँपालिका', 54, 4),
(426, 'Pokhara', 'पोखरा महानगरपालिका', 54, 4),
(427, 'Rupa', 'रूपा गाउँपालिका', 54, 4),
(428, 'Shuklagandaki', 'शुक्लागण्डकी नगरपालिका', 55, 4),
(429, 'Bhimad', 'भिमाद नगरपालिका', 55, 4),
(430, 'Magde', 'म्याग्दे गाउँपालिका', 55, 4),
(431, 'Vyas', 'व्यास नगरपालिका', 55, 4),
(432, 'Bhanu', 'भानु नगरपालिका', 55, 4),
(433, 'Bandipur', 'वन्दिपुर गाउँपालिका', 55, 4),
(434, 'Anbukhaireni', 'आँबुखैरेनी गाउँपालिका', 55, 4),
(435, 'Devghat', 'देवघाट गाउँपालिका', 55, 4),
(436, 'Rhising', 'ऋषिङ्ग गाउँपालिका', 55, 4),
(437, 'Ghiring', 'घिरिङ गाउँपालिका', 55, 4),
(438, 'Baudikali', 'बौदीकाली गाउँपालिका', 56, 4),
(439, 'Bulingtar', 'बुलिङटार गाउँपालिका', 56, 4),
(440, 'Hupsekot', 'हुप्सेकोट गाउँपालिका', 56, 4),
(441, 'Devchuli', 'देवचुली नगरपालिका', 56, 4),
(442, 'Gaidakot', '	गैडाकोट नगरपालिका', 56, 4),
(443, 'Kawasoti', 'कावासोती नगरपालिका', 56, 4),
(444, 'Madhyabindu', '	मध्यविन्दु नगरपालिका', 56, 4),
(445, 'Binayee Tribeni', 'विनयी त्रिवेणी गाउँपालिका', 56, 4),
(446, 'Kaligandaki', '	कालीगण्डकी गाउँपालिका', 57, 4),
(447, 'Galyang', 'गल्याङ नगरपालिका', 57, 4),
(448, 'Chapakot', 'चापाकोट नगरपालिका', 57, 4),
(449, 'Waling', '	वालिङ नगरपालिका', 57, 4),
(450, 'Biruwa', 'बिरुवा गाउँपालिका', 57, 4),
(451, 'Harinas', 'हरिनास गाउँपालिका', 57, 4),
(452, 'Bhirkot', '	भीरकोट नगरपालिका', 57, 4),
(453, 'Arjunchaupari', '	अर्जुनचौपारी गाउँपालिका', 57, 4),
(454, 'Putalibazar', 'पुतलीबजार नगरपालिका', 57, 4),
(455, 'Aandhikhola', 'आँधिखोला गाउँपालिका', 57, 4),
(456, 'Phedikhola', 'फेदीखोला गाउँपालिका', 57, 4),
(457, 'Jaljala', 'जलजला गाउँपालिका', 58, 4),
(458, 'Modi', 'मोदी गाउँपालिका', 58, 4),
(459, 'Kushma', '	कुश्मा नगरपालिका', 58, 4),
(460, 'Phalebas', 'फलेवास नगरपालिका', 58, 4),
(461, 'Mahashila', '	महाशिला गाउँपालिका', 58, 4),
(462, 'Bihadi', 'विहादी गाउँपालिका', 58, 4),
(463, 'Painyu', 'पैयूं गाउँपालिका', 58, 4),
(464, 'Nisikhola', '	निसीखोला गाउँपालिका', 59, 4),
(465, 'Dhorpatan', 'ढोरपाटन नगरपालिका', 59, 4),
(466, 'Taman khola', 'तमानखोला गाउँपालिका', 59, 4),
(467, 'Badigad', '	वडिगाड गाउँपालिका', 59, 4),
(468, 'Tara Khola', 'ताराखोला गाउँपालिका', 59, 4),
(469, 'Galkot', 'गल्कोट नगरपालिका', 59, 4),
(470, 'Kanthekhola', 'काठेखोला गाउँपालिका', 59, 4),
(471, 'Baglung', '	बागलुङ नगरपालिका', 59, 4),
(472, 'Jaimuni', '	जैमूनी नगरपालिका', 59, 4),
(473, 'Bareng', '	वरेङ गाउँपालिका', 59, 4),
(474, 'Dhaulagiri', '	धवलागिरी गाउँपालिका', 60, 4),
(475, 'Malika', 'मालिका गाउँपालिका', 60, 4),
(476, 'Raghuganga', 'रघुगंगा गाउँपालिका', 60, 4),
(477, 'Annapurna', 'अन्नपुर्ण गाउँपालिका', 60, 4),
(478, 'Mangala', '	मंगला गाउँपालिका', 60, 4),
(479, 'Beni', 'बेनी नगरपालिका', 60, 4),
(480, 'Geruwa', 'गेरुवा गाउँपालिका', 61, 5),
(481, 'Rajapur', 'राजापुर नगरपालिका', 61, 5),
(482, 'Thakurbaba', 'ठाकुरबाबा नगरपालिका', 61, 5),
(483, 'Madhuwan', '	मधुवन नगरपालिका', 61, 5),
(484, 'Barbardiya', '	बारबर्दिया नगरपालिका', 61, 5),
(485, 'Bansgadhi', 'बाँसगढी नगरपालिका', 61, 5),
(486, 'Gulariya', 'गुलरिया नगरपालिका', 61, 5),
(487, 'Badhaiyatal', 'बढैयाताल गाउँपालिका', 61, 5),
(488, 'Baijanath', 'बैजनाथ गाउँपालिका', 62, 5),
(489, 'Kohalpur', 'कोहलपुर नगरपालिका', 62, 5),
(490, 'Khajura', '	खजुरा गाउँपालिका', 62, 5),
(491, 'Janaki', '	जानकी गाउँपालिका', 62, 5),
(492, 'Nepalgunj', 'नेपालगंज उपमहानगरपालिका', 62, 5),
(493, 'Duduwa', 'डुडुवा गाउँपालिका', 62, 5),
(494, 'Rapti Sonari', 'राप्ती सोनारी गाउँपालिका', 62, 5),
(495, 'Narainapur', 'नरैनापुर गाउँपालिका', 62, 5),
(496, 'Babai', '	बबई गाउँपालिका', 63, 5),
(497, 'Shantinagar', '	शान्तिनगर गाउँपालिका', 63, 5),
(498, 'Dangisharan', 'दंगीशरण गाउँपालिका', 63, 5),
(499, 'Tulsipur', '	तुल्सीपुर उपमहानगरपालिका', 63, 5),
(500, 'Ghorahi', 'घोराही उपमहानगरपालिका', 63, 5),
(501, 'Lamahi', 'लमही नगरपालिका', 63, 5),
(502, 'Banglachuli', 'बंगलाचुली गाउँपालिका', 63, 5),
(503, 'Rapti', 'राप्ती गाउँपालिका', 63, 5),
(504, 'Rajpur', 'राजपुर गाउँपालिका', 63, 5),
(505, 'Gadhawa', 'गढवा गाउँपालिका', 63, 5),
(506, 'Gangadev', 'गंगादेव गाउँपालिका', 64, 5),
(507, 'Madi', 'माडी गाउँपालिका', 64, 5),
(508, 'Tribeni', '	त्रिवेणी गाउँपालिका', 64, 5),
(509, 'Runtigadhi', 'रुन्टीगढी गाउँपालिका', 64, 5),
(510, 'Sunil Smriti', 'सुनिल स्मृति गाउँपालिका', 64, 5),
(511, 'Lungri', '	लुङग्री गाउँपालिका', 64, 5),
(512, 'Rolpa', '	रोल्पा नगरपालिका', 64, 5),
(513, 'Sunchhahari', 'सुनछहरी गाउँपालिका', 64, 5),
(514, 'Thawang', 'थवाङ गाउँपालिका', 64, 5),
(515, 'Pariwartan', '	परिवर्तन गाउँपालिका', 64, 5),
(516, 'Sisne', '	सिस्ने गाउँपालिका', 65, 5),
(517, 'Bhume', 'भूमे गाउँपालिका', 65, 5),
(518, 'Putha Uttarganga', '	पुथा उत्तरगंगा गाउँपालिका', 65, 5),
(519, 'Naubahini', 'नौवहिनी गाउँपालिका', 67, 5),
(520, 'Gaumukhi', '	गौमुखी गाउँपालिका', 67, 5),
(521, 'Jhimruk', '	झिमरुक गाउँपालिका', 67, 5),
(522, 'Pyuthan', '	प्यूठान नगरपालिका', 67, 5),
(523, 'Mallarani', '	मल्लरानी गाउँपालिका', 67, 5),
(524, 'Swargadwari', '	स्वर्गद्वारी नगरपालिका', 67, 5),
(525, 'Mandavi', 'माण्डवी गाउँपालिका', 67, 5),
(526, 'Sarumarani', 'सरुमारानी गाउँपालिका', 67, 5),
(527, 'Ayirabati', 'ऐरावती गाउँपालिका', 67, 5),
(528, 'Malika', 'मालिका गाउँपालिका', 68, 5),
(529, 'Madane', '	मदाने गाउँपालिका', 68, 5),
(530, 'Dhurkot', 'धुर्कोट गाउँपालिका', 68, 5),
(531, 'Isma', 'ईस्मा गाउँपालिका', 68, 5),
(532, 'Musikot', '	मुसिकोट नगरपालिका', 68, 5),
(533, 'Resunga', 'रेसुङ्गा नगरपालिका', 68, 5),
(534, 'Gulmidarbar', 'गुल्मी दरबार गाउँपालिका', 68, 5),
(535, 'Chandrakot', '	चन्द्रकोट गाउँपालिका', 68, 5),
(536, 'Satyawati', 'सत्यवती गाउँपालिका', 68, 5),
(537, 'Kaligandaki', '	कालीगण्डकी गाउँपालिका', 68, 5),
(538, 'Chatrakot', '	छत्रकोट गाउँपालिका', 68, 5),
(539, 'RuruKshetra', 'रुरुक्षेत्र गाउँपालिका', 68, 5),
(540, 'Malarani', 'मालारानी गाउँपालिका', 69, 5),
(541, 'Bhumekasthan', 'भूमिकास्थान नगरपालिका', 69, 5),
(542, 'Sandhikharka', 'सन्धिखर्क नगरपालिका', 69, 5),
(543, 'Chhatradev', 'छत्रदेव गाउँपालिका', 69, 5),
(544, 'Panini', 'पाणिनी गाउँपालिका', 69, 5),
(545, 'Sitganga', 'शितगंगा नगरपालिका', 69, 5),
(546, 'Bijayanagar', 'विजयनगर गाउँपालिका', 70, 5),
(547, 'Shivaraj', 'शिवराज नगरपालिका', 70, 5),
(548, 'Budhdhabhumi', 'बुद्धभुमी नगरपालिका', 70, 5),
(549, 'Krishnanagar', '	कृष्णनगर नगरपालिका', 70, 5),
(550, 'Maharajgunj', '	महाराजगंज नगरपालिका', 70, 5),
(552, 'Banganga', '	बाणगंगा नगरपालिका', 70, 5),
(553, 'Yasodhara', '	यसोधरा गाउँपालिका', 70, 5),
(554, 'Mayadevi', 'मायादेवी गाउँपालिका', 70, 5),
(555, 'Sudhodhan', 'सुद्धोधन गाउँपालिका', 70, 5),
(556, 'Rainadevi Chhahara', 'रैनादेवी छहरा गाउँपालिका', 71, 5),
(557, 'Ridikot', 'रिब्दिकोट गाउँपालिका', 71, 5),
(558, 'Tansen', '	तानसेन नगरपालिका', 71, 5),
(559, 'Tinau', '	तिनाउ गाउँपालिका', 71, 5),
(560, 'Bagnaskali', '	बगनासकाली गाउँपालिका', 71, 5),
(561, 'Rambha', 'रम्भा गाउँपालिका', 71, 5),
(562, 'Mathagadhi', 'माथागढी गाउँपालिका', 71, 5),
(563, 'Purbakhola', '	पूर्वखोला गाउँपालिका', 71, 5),
(564, 'Rampur', '	रामपुर नगरपालिका', 71, 5),
(565, 'Nisdi', '	निस्दी गाउँपालिका', 71, 5),
(566, 'Sunwal', 'सुनवल नगरपालिका', 73, 5),
(567, 'Bardaghat', '	बर्दघाट नगरपालिका', 73, 5),
(568, 'Ramgram', 'रामग्राम नगरपालिका', 73, 5),
(569, 'Sarawal', 'सरावल गाउँपालिका', 73, 5),
(570, 'Palhi Nandan', 'पाल्हीनन्दन गाउँपालिका', 73, 5),
(571, 'Pratappur', '	प्रतापपुर गाउँपालिका', 73, 5),
(573, 'Sainamaina', '	सैनामैना नगरपालिका', 72, 5),
(574, 'Butwal', 'बुटवल उपमहानगरपालिका', 72, 5),
(575, 'Devdaha', '	देवदह नगरपालिका', 72, 5),
(576, 'Kanchan', 'कन्चन गाउँपालिका', 72, 5),
(577, 'Gaidahawa', 'गैडहवा गाउँपालिका', 72, 5),
(578, 'Sudhdhodhan', '	शुद्धोधन गाउँपालिका', 72, 5),
(579, 'Tilotam', 'तिलोत्तमा नगरपालिका', 72, 5),
(580, 'Siyari', '	सियारी गाउँपालिका', 72, 5),
(581, 'Om Satiya', 'ओमसतिया गाउँपालिका', 72, 5),
(582, 'Rohini', 'रोहिणी गाउँपालिका', 72, 5),
(583, 'Siddharthanagar', 'सिद्धार्थनगर नगरपालिका', 72, 5),
(584, 'Mayadevi', '	मायादेवी गाउँपालिका', 72, 5),
(585, 'Lumbini Sanskritik', '	लुम्बिनी सांस्कृतिक नगरपालिका', 72, 5),
(586, 'Kotahimai', 'कोटहीमाई गाउँपालिका', 72, 5),
(587, 'Sammarimai', '	सम्मरीमाई गाउँपालिका', 72, 5),
(588, 'Marchawari', 'मर्चवारी गाउँपालिका', 72, 5),
(589, 'Namkha', '	नाम्खा गाउँपालिका', 74, 6),
(590, 'Simkot', 'सिमकोट गाउँपालिका', 74, 6),
(591, 'Kharpunath', 'खार्पुनाथ गाउँपालिका', 74, 6),
(592, 'Sarkegad', 'सर्केगाड गाउँपालिका', 74, 6),
(593, 'Chankheli', '	चंखेली गाउँपालिका', 74, 6),
(594, 'Adanchuli', '	अदानचुली गाउँपालिका', 74, 6),
(595, 'Tanjakot', '	ताँजाकोट गाउँपालिका', 74, 6),
(596, 'Palata', 'पलाता गाउँपालिका', 75, 6),
(597, 'Sanni Tribeni', 'सान्नी त्रिवेणी गाउँपालिका', 75, 6),
(598, 'Raskot', 'रास्कोट नगरपालिका', 75, 6),
(599, 'Pachjharana', 'पचालझरना गाउँपालिका', 75, 6),
(600, 'Naraharinath', 'नरहरिनाथ गाउँपालिका', 75, 6),
(601, 'Khandachakra', 'खाँडाचक्र नगरपालिका', 75, 6),
(602, 'Tilugufa', '	तिलागुफा नगरपालिका', 75, 6),
(603, 'Shuva Kalika', 'शुभ कालीका गाउँपालिका', 75, 6),
(604, 'Mahawai', 'महावै गाउँपालिका', 75, 6),
(605, 'Soru', 'सोरु गाउँपालिका', 76, 6),
(606, 'Khatyad', '	खत्याड गाउँपालिका', 76, 6),
(607, 'Chhayanath Rara', 'छायाँनाथ रारा नगरपालिका', 76, 6),
(608, 'Mugum Kharmarong', 'मुगुम कार्मारोंग गाउँपालिका', 76, 6),
(609, 'Kanaka Sundari', 'कनकासुन्दरी गाउँपालिका', 77, 6),
(610, 'Sinja', 'सिंजा गाउँपालिका', 77, 6),
(611, 'Patrasi', '	पातारासी गाउँपालिका', 77, 6),
(612, 'Chandannath', 'चन्दननाथ नगरपालिका', 77, 6),
(613, 'Tila', '	तिला गाउँपालिका', 77, 6),
(614, 'Tatopani', '	तातोपानी गाउँपालिका', 77, 6),
(615, 'Guthichaur', 'गुठिचौर गाउँपालिका', 77, 6),
(616, 'Shey phoksundo', '	शे फोक्सुन्डो गाउँपालिका', 78, 6),
(617, 'Dolpo Buddha', '	डोल्पो बुद्ध गाउँपालिका', 78, 6),
(618, 'Jagadulla', 'जगदुल्ला गाउँपालिका', 78, 6),
(619, 'Mudkechula', '	मुड्केचुला गाउँपालिका', 78, 6),
(620, 'Tripurasundari', 'त्रिपुरासुन्दरी नगरपालिका', 78, 6),
(621, 'Thuli Bheri', 'ठूली भेरी नगरपालिका', 78, 6),
(622, 'Kaike', '	काईके गाउँपालिका', 78, 6),
(623, 'Chharka Tangsong', 'छार्का ताङसोङ गाउँपालिका', 78, 6),
(624, 'Aathbis', 'आठबीस नगरपालिका', 79, 6),
(625, 'Thantikandh', 'ठाँटीकाँध गाउँपालिका', 79, 6),
(626, 'Bhairabi', '	भैरवी गाउँपालिका', 79, 6),
(627, 'Mahabu', 'महावु गाउँपालिका', 79, 6),
(628, 'Chamunda Bindrasaini', 'चामुण्डा विन्द्रासैनी नगरपालिका', 79, 6),
(629, 'Dullu', 'दुल्लु नगरपालिका', 79, 6),
(630, 'Narayan', 'नारायण नगरपालिका', 79, 6),
(631, 'Naumule', 'नौमुले गाउँपालिका', 79, 6),
(632, 'Bhagawatimai', '	भगवतीमाई गाउँपालिका', 79, 6),
(633, 'Dungeshwor', 'डुंगेश्वर गाउँपालिका', 79, 6),
(634, 'Gurans', '	गुराँस गाउँपालिका', 79, 6),
(635, 'Chaukune', 'चौकुने गाउँपालिका', 80, 6),
(636, 'Panchapuri', 'पञ्चपुरी नगरपालिका', 80, 6),
(637, 'Barahtal', 'बराहताल गाउँपालिका', 80, 6),
(638, 'Birendranagar', 'बीरेन्द्रनगर नगरपालिका', 80, 6),
(639, 'Lekbeshi', 'लेकवेशी नगरपालिका', 80, 6),
(640, 'Chingad', '	चिङ्गाड गाउँपालिका', 80, 6),
(641, 'Simta', '	सिम्ता गाउँपालिका', 80, 6),
(642, 'Bheriganga', 'भेरीगंगा नगरपालिका', 80, 6),
(643, 'Gurbhakot', 'गुर्भाकोट नगरपालिका', 80, 6),
(644, 'Kalimati', 'कालिमाटी गाउँपालिका', 81, 6),
(645, 'Tribeni', '	त्रिवेणी गाउँपालिका', 81, 6),
(646, 'Kapurkot', 'कपुरकोट गाउँपालिका', 81, 6),
(647, 'Chhatraeshwori', '	छत्रेश्वरी गाउँपालिका', 81, 6),
(648, 'Sharada', '	शारदा नगरपालिका', 81, 6),
(649, 'Siddha Kumakh', '	सिद्ध कुमाख गाउँपालिका', 81, 6),
(650, 'Bagchaur', 'बागचौर नगरपालिका', 81, 6),
(651, 'Darma', '	दार्मा गाउँपालिका', 81, 6),
(652, 'Kumakh', 'कुमाख गाउँपालिका', 81, 6),
(653, 'Bangad Kupinde', 'बनगाड कुपिण्डे नगरपालिका', 81, 6),
(654, 'Athbiskot', 'आठबिसकोट नगरपालिका', 82, 6),
(655, 'Banfikot', 'बाँफिकोट गाउँपालिका', 82, 6),
(656, 'Sani Bheri', 'सानी भेरी गाउँपालिका', 82, 6),
(657, 'Musikot', '	मुसिकोट नगरपालिका', 82, 6),
(658, 'Chaurjahari', '	चौरजहारी नगरपालिका', 82, 6),
(659, 'Tribeni', 'त्रिवेणी गाउँपालिका', 82, 6),
(660, 'Barekot', 'बारेकोट गाउँपालिका', 83, 6),
(661, 'Nalgad', '	नलगाड नगरपालिका', 83, 6),
(662, 'Kuse', '	कुसे गाउँपालिका', 83, 6),
(663, 'Junichande', 'जुनीचाँदे गाउँपालिका', 83, 6),
(664, 'Chhedagad', '	छेडागाड नगरपालिका', 83, 6),
(665, 'Bheri', 'भेरी नगरपालिका', 83, 6),
(666, 'Siwalaya', '	शिवालय गाउँपालिका', 83, 6),
(667, 'Byas', 'ब्याँस गाउँपालिका', 84, 7),
(668, 'Apihimal', 'अपिहिमाल गाउँपालिका', 84, 7),
(669, 'Dunhu', 'दुहुँ गाउँपालिका', 84, 7),
(670, 'Mahakali', '	महाकाली नगरपालिका', 84, 7),
(671, 'Naugad', 'नौगाड गाउँपालिका', 84, 7),
(672, 'Marma', 'मार्मा गाउँपालिका', 84, 7),
(673, 'MalikaArjun', 'मालिकार्जुन गाउँपालिका', 84, 7),
(674, 'Shailesikhar', 'शैल्यशिखर नगरपालिका', 84, 7),
(675, 'Lekam', 'लेकम गाउँपालिका', 84, 7),
(676, 'Dilasaini', 'डीलासैनी गाउँपालिका', 85, 7),
(677, 'Purchaudi', 'पुर्चौडी नगरपालिका', 85, 7),
(678, 'Dogadakedar', 'दोगडाकेदार गाउँपालिका', 85, 7),
(679, 'Surnaya', 'सुर्नया गाउँपालिका', 85, 7),
(680, 'Patan', 'पाटन नगरपालिका', 85, 7),
(681, 'Sigas', '	सिगास गाउँपालिका', 85, 7),
(682, 'Dashrathchanda', 'दशरथचन्द नगरपालिका', 85, 7),
(683, 'Pancheshwor', 'पञ्चेश्वर गाउँपालिका', 85, 7),
(684, 'Melauli', 'मेलौली नगरपालिका', 85, 7),
(685, 'Shivanath', 'शिवनाथ गाउँपालिका', 85, 7),
(686, 'Sailpal', 'साइपाल गाउँपालिका', 86, 7),
(687, 'Surma', 'सूर्मा गाउँपालिका', 86, 7),
(688, 'Talikot', 'तलकोट गाउँपालिका', 86, 7),
(689, 'Bungal', 'बुंगल नगरपालिका', 86, 7),
(690, 'Bithadchir', '	वित्थडचिर गाउँपालिका', 86, 7),
(691, 'Kedarseu', 'केदारस्युँ गाउँपालिका', 86, 7),
(692, 'Durgathali', '	दुर्गाथली गाउँपालिका', 86, 7),
(693, 'Jayaprithivi', 'जयपृथ्वी नगरपालिका', 86, 7),
(694, 'Masta', 'मष्टा गाउँपालिका', 86, 7),
(695, 'Chabispathivera', '	छबिसपाथिभेरा गाउँपालिका', 86, 7),
(696, 'Thalara', 'थलारा गाउँपालिका', 86, 7),
(697, 'Khaptadchhanna', '	खप्तडछान्ना गाउँपालिका', 86, 7),
(698, 'Himali', 'हिमाली गाउँपालिका', 87, 7),
(699, 'Gaumul', 'गौमुल गाउँपालिका', 87, 7),
(700, 'Budhinand', '	बुढीनन्दा नगरपालिका', 87, 7),
(701, 'Badimalika', '	बडीमालिका नगरपालिका', 87, 7),
(702, 'Jagannath', 'जगन्‍नाथ गाउँपालिका', 87, 7),
(703, 'Tribeni', 'त्रिवेणी नगरपालिका', 87, 7),
(704, 'Budhiganga', 'बुढीगंगा नगरपालिका', 87, 7),
(705, 'Khapdad Chhededaha', 'खप्तड छेडेदह गाउँपालिका', 87, 7),
(706, 'Ajaymeru', 'अजयमेरु गाउँपालिका', 88, 7),
(707, 'Nawadurga', 'नवदुर्गा गाउँपालिका', 88, 7),
(708, 'Amargadhi', '	अमरगढी नगरपालिका', 88, 7),
(709, 'Bhageshwar', 'भागेश्वर गाउँपालिका', 88, 7),
(710, 'Alital', 'आलिताल गाउँपालिका', 88, 7),
(711, 'Parashuram', 'परशुराम नगरपालिका', 88, 7),
(712, 'Sayal', 'सायल गाउँपालिका', 89, 7),
(713, 'Adharsha', 'आदर्श गाउँपालिका', 89, 7),
(714, 'Purbichauki', '	पूर्वीचौकी गाउँपालिका', 89, 7),
(715, 'Dipayal silgadi', 'दिपायल सिलगढी नगरपालिका', 89, 7),
(716, 'Shikhar', 'शिखर नगरपालिका', 89, 7),
(717, 'K.I. Singh', 'के.आई.सिं. गाउँपालिका', 89, 7),
(718, 'Jorayal', 'जोरायल गाउँपालिका', 89, 7),
(719, 'Bandikedar', 'बडीकेदार गाउँपालिका', 89, 7),
(720, 'Bogatan Phudsil', 'बोगटान फुड्सिल गाउँपालिका', 89, 7),
(721, 'Sanphebagar', 'साँफेबगर नगरपालिका', 90, 7),
(722, 'Mallekh', '	मेल्लेख गाउँपालिका', 90, 7),
(723, 'Chaurapati', '	चौरपाटी गाउँपालिका', 90, 7),
(724, 'Bannigadhi Jayagadh', 'बान्निगढी जयगढ गाउँपालिका', 90, 7),
(725, 'Ramroshan', 'रामारोशन गाउँपालिका', 90, 7),
(726, 'Mangalsen', '	मंगलसेन नगरपालिका', 90, 7),
(727, 'Kamalbazar', '	कमलबजार नगरपालिका', 90, 7),
(728, 'Panchadewai Binayak', 'पन्चदेवल विनायक नगरपालिका', 90, 7),
(729, 'Dhakari', '	ढकारी गाउँपालिका', 90, 7),
(730, 'Turmakhad', '	तुर्माखाँद गाउँपालिका', 90, 7),
(731, 'Bhimadatta', 'भीमदत्त नगरपालिका', 91, 7),
(732, 'Bedkot', 'वेदकोट नगरपालिका', 91, 7),
(733, 'Shuklaphanta', 'शुक्लाफाँटा नगरपालिका', 91, 7),
(734, 'Krishnapur', 'कृष्णपुर नगरपालिका', 91, 7),
(735, 'Beldandi', '	बेलडाडी गाउँपालिका', 91, 7),
(736, 'Lajhadi', 'लालझाडी गाउँपालिका', 91, 7),
(737, 'Belauri', '	बेलौरी नगरपालिका', 91, 7),
(738, 'Purnabas', 'पुर्नवास नगरपालिका', 91, 7),
(739, 'Chure', '	चुरे गाउँपालिका', 92, 7),
(740, 'Godawari', 'गोदावरी नगरपालिका', 92, 7),
(741, 'Dhangadi', 'धनगढी उपमहानगरपालिका', 92, 7),
(742, 'Gauriganga', 'गौरीगंगा नगरपालिका', 92, 7),
(743, 'Kailari', 'कैलारी गाउँपालिका', 92, 7),
(744, 'Bhajani', '	भजनी नगरपालिका', 92, 7),
(745, 'Tikapur', '	टिकापुर नगरपालिका', 92, 7),
(746, 'Janaki', 'जानकी गाउँपालिका', 92, 7),
(747, 'Joshipur', 'जोशीपुर गाउँपालिका', 92, 7),
(748, 'Ghodaghodi', 'घोडाघोडी नगरपालिका', 92, 7),
(749, 'Bardagoriya', 'बर्दगोरिया गाउँपालिका', 92, 7),
(750, 'Lamkichuha', 'लम्कीचुहा नगरपालिका', 92, 7),
(751, 'Mohanyal', 'मोहन्याल गाउँपालिका', 92, 7),
(752, 'Chishankhugadhi Rural Municipal\r\n', 'चिशंखुगढी गाउँपालिका', 13, 1),
(753, 'Thulung Dudhkoshi Rural Municipal\r\n', 'थुलुङ दुधकोशी गाउँपालिका', 14, 1),
(754, 'Parwanipur Rural Municipality\r\n', 'परवानीपुर गाउँपालिका', 16, 2),
(755, 'Madhav Narayan Municipality', 'माधव नारायण नगरपालिका', 17, 2),
(756, 'Dhankaul Rural Municipality', 'धनकौल गाउँपालिका', 18, 2),
(757, 'Lalbandi Municipality', 'लालबन्दी नगरपालिका', 18, 2),
(758, 'Pipara Rural Municipality', 'पिपरा गाउँपालिका', 19, 2),
(759, 'Sakhuwanankarkatti Ruralmunicipality', 'सखुवानान्कारकट्टी गाउँपालिका', 21, 2),
(760, 'Bishnupur Ruralmunicipality', 'बिष्णुपुर गाउँपालिका', 22, 2),
(761, 'DhurniBesi Municipality', 'धुनीबेंशी नगरपालिका', 41, 3),
(762, 'Bethanchowk Ruralmunicipality', 'बेथानचोक गाउँपालिका', 46, 3),
(763, 'Kapilvastu Municipality', 'कपिलवस्तु नगरपालिका', 70, 5),
(764, 'Susta Rural Municipality', 'सुस्ता गाउँपालिका', 73, 5),
(765, 'HIma Rural Municipality', '	हिमा गाउँपालिका', 77, 6),
(766, 'Swamikartik khapar Rural Municipality', '	स्वामीकार्तिक खापर गाउँपालिका', 87, 7),
(767, 'GanyaPadhura Rural Municipality', 'गन्यापधुरा गाउँपालिका', 88, 7),
(768, 'Mahakali Municipality', 'महाकाली नगरपालिका', 91, 7);

-- --------------------------------------------------------

--
-- Table structure for table `notifications`
--

CREATE TABLE `notifications` (
  `id` int NOT NULL,
  `notif_type` int NOT NULL,
  `fk_model_id` int NOT NULL,
  `notif_to` int NOT NULL,
  `date` date NOT NULL,
  `status` int NOT NULL,
  `remarks` text COLLATE utf8mb3_unicode_520_ci NOT NULL
) ENGINE=InnoDB DEFAULT CHARSET=utf8mb3 COLLATE=utf8mb3_unicode_520_ci;

--
-- Dumping data for table `notifications`
--

INSERT INTO `notifications` (`id`, `notif_type`, `fk_model_id`, `notif_to`, `date`, `status`, `remarks`) VALUES
(1, 1, 1, 3, '2079-01-15', 2, 'बाँके-मालपोत, जग्गा नामसारी'),
(4, 1, 1, 3, '2079-01-16', 2, 'बाँके-yaataayat, blue book renew'),
(5, 1, 1, 3, '2079-01-18', 2, 'बाँके-मालपोत, जग्गा नामसारी'),
(6, 1, 1, 3, '2079-01-18', 2, 'बाँके-yaataayat, blue book renew'),
(7, 1, 1, 3, '2079-01-18', 2, 'बाँके-मालपोत, जग्गा नामसारी'),
(8, 1, 1, 1, '2079-03-05', 2, 'बाँके-मालपोत, जग्गा नामसारी'),
(9, 1, 1, 3, '2079-03-05', 2, 'बाँके-मालपोत, जग्गा नामसारी'),
(10, 1, 1, 3, '2079-03-05', 2, 'बाँके-मालपोत, जग्गा नामसारी'),
(55, 1, 1, 3, '2079-03-26', 2, 'बाँके-मालपोत, जग्गा नामसारी'),
(56, 1, 1, 3, '2079-03-26', 2, 'बाँके-मालपोत, जग्गा नामसारी'),
(57, 1, 1, 3, '2079-03-26', 2, 'बाँके-मालपोत, जग्गा नामसारी'),
(58, 1, 1, 3, '2079-03-26', 2, 'बाँके-मालपोत, जग्गा नामसारी'),
(59, 1, 1, 3, '2079-03-26', 2, 'बाँके-मालपोत, जग्गा नामसारी'),
(60, 1, 1, 3, '2079-03-26', 2, 'बाँके-मालपोत, जग्गा नामसारी'),
(61, 1, 1, 3, '2079-03-26', 2, 'बाँके-मालपोत, जग्गा नामसारी'),
(62, 1, 1, 3, '2079-03-26', 2, 'बाँके-मालपोत, जग्गा नामसारी'),
(63, 1, 1, 3, '2079-03-26', 2, 'बाँके-मालपोत, जग्गा नामसारी'),
(64, 1, 1, 3, '2079-03-26', 2, 'बाँके-मालपोत, जग्गा नामसारी'),
(65, 1, 1, 3, '2079-03-26', 2, 'बाँके-मालपोत, जग्गा नामसारी'),
(66, 1, 1, 3, '2079-03-26', 2, 'बाँके-मालपोत, जग्गा नामसारी'),
(67, 1, 1, 3, '2079-03-26', 2, 'बाँके-मालपोत, जग्गा नामसारी'),
(68, 1, 1, 3, '2079-03-28', 2, 'बाँके-मालपोत, जग्गा नामसारी'),
(69, 1, 1, 3, '2079-03-28', 2, 'बाँके-मालपोत, जग्गा नामसारी'),
(70, 1, 1, 3, '2079-03-28', 2, 'बाँके-मालपोत, जग्गा नामसारी'),
(71, 1, 1, 3, '2079-03-29', 2, 'बाँके-मालपोत, जग्गा नामसारी'),
(72, 1, 1, 3, '2079-03-29', 2, 'बाँके-मालपोत, जग्गा नामसारी'),
(73, 1, 1, 3, '2079-03-29', 2, 'बाँके-मालपोत, जग्गा नामसारी'),
(74, 1, 1, 3, '2079-03-29', 2, 'बाँके-मालपोत, जग्गा नामसारी');

-- --------------------------------------------------------

--
-- Table structure for table `payment_records`
--

CREATE TABLE `payment_records` (
  `id` int NOT NULL,
  `fk_payment_model` int NOT NULL,
  `fk_notif_id` int DEFAULT NULL,
  `amount` decimal(10,0) NOT NULL,
  `oid` varchar(250) COLLATE utf8mb3_unicode_520_ci NOT NULL,
  `refid` varchar(250) COLLATE utf8mb3_unicode_520_ci NOT NULL,
  `date` date NOT NULL,
  `paid_by` int DEFAULT NULL
) ENGINE=InnoDB DEFAULT CHARSET=utf8mb3 COLLATE=utf8mb3_unicode_520_ci;

--
-- Dumping data for table `payment_records`
--

INSERT INTO `payment_records` (`id`, `fk_payment_model`, `fk_notif_id`, `amount`, `oid`, `refid`, `date`, `paid_by`) VALUES
(3, 7, 4, '100', '4-626b80e46d4fe', '0003E2X', '2079-01-16', 2079),
(4, 8, 5, '100', '5-626de19611f72', '0003E6I', '2079-01-18', 2079);

-- --------------------------------------------------------

--
-- Table structure for table `payment_transaction`
--

CREATE TABLE `payment_transaction` (
  `id` int NOT NULL,
  `transaction_id` varchar(250) COLLATE utf8mb3_unicode_520_ci NOT NULL,
  `date` datetime NOT NULL DEFAULT CURRENT_TIMESTAMP,
  `fk_service_form` int NOT NULL,
  `transaction_for` int NOT NULL
) ENGINE=InnoDB DEFAULT CHARSET=utf8mb3 COLLATE=utf8mb3_unicode_520_ci;

--
-- Dumping data for table `payment_transaction`
--

INSERT INTO `payment_transaction` (`id`, `transaction_id`, `date`, `fk_service_form`, `transaction_for`) VALUES
(1, 'VnQyEGT4T8HV6-Sxw6zc', '2022-06-17 14:15:25', 10, 0),
(2, '6-FV869GHyPB91D7-koYac', '2022-06-17 14:16:55', 10, 0),
(3, '6-Lkr7YzEDI7bU5OUET3_3', '2022-06-18 10:16:24', 10, 0),
(4, '6-t-biE7YLnQDfhWoV9tV2', '2022-06-18 10:24:57', 10, 0),
(5, '6-VO0IxmPvbIIj4A6p2jTE', '2022-06-18 10:26:50', 10, 0),
(6, '6-IlQslJKOA_hMv4jyrvKA', '2022-06-18 10:28:30', 10, 0),
(7, '6-WzEXmHlUeD8q0Qh-MgWf', '2022-06-18 10:31:31', 10, 0),
(8, '6-rrowwgPab07Jv7PrUOf8', '2022-06-18 10:32:03', 10, 0),
(9, '6-5_Pirv3QMBCd4c7fdtI5', '2022-06-18 11:08:40', 10, 0),
(10, '6-1NHa_4Lp70xLSGM4HAmp', '2022-06-18 11:08:45', 10, 0),
(11, '6-cyQfWvvqpQE5N3NbcAet', '2022-06-18 13:58:17', 10, 0),
(12, '6-q43gMJk2uK9deo_TXO2s', '2022-06-19 09:44:42', 10, 0),
(13, '6-OfXi5DQAsBtG8FYglM4-', '2022-06-19 11:22:27', 10, 0),
(14, '6-C6DGqLoKCXD0hieEWgT8', '2022-06-19 11:30:31', 10, 0),
(15, '9-oW9huyET6a0F9qXf_rhR', '2022-06-19 21:30:21', 33, 0),
(16, '33-L0l6Z-qK92Xn9XMOcz81', '2022-06-19 21:48:54', 33, 0),
(17, '33-NxzBSDfuClv6smfZFCgT', '2022-06-19 21:49:49', 33, 0),
(18, '33-0l96CsRNNsnoVU4Tejmk', '2022-06-19 21:50:38', 33, 0),
(19, '33-i9yjD5g48Gn-0c3bZ5Yn', '2022-06-19 21:53:04', 33, 0),
(20, '32-TQq2oXsLz2DlSAVXvvsB', '2022-06-19 22:06:55', 32, 0),
(21, '2-LZ6_w_icTb8mNGrmaZ2A', '2022-06-19 22:10:38', 2, 0),
(22, '2-rgbaYpAs4EjhjE8buZEb', '2022-06-19 22:11:19', 2, 0),
(23, '32-35_hkSlTyFyTfMHZpquk', '2022-06-19 22:14:22', 32, 0),
(24, '32-gsZGFVFD7YdDx2svfeDH', '2022-06-19 22:16:05', 32, 0),
(25, '32-OncPBghlfgMHKyjDpP_e', '2022-06-19 22:16:11', 32, 0),
(26, '32-PScM4feX5-M2rjBOcMnx', '2022-06-19 22:47:01', 32, 0),
(27, '37-lk91YcW8eLjirJ9FAbA5', '2022-07-10 19:31:05', 37, 0),
(28, '37-pgu6Mjb_a_njMD0JYwXv', '2022-07-10 19:33:54', 37, 0),
(29, '37-2CbN300vubR3EbiQGmhS', '2022-07-10 20:03:25', 37, 0),
(30, '37-s7WaVe_Jjznpaxiswums', '2022-07-11 10:16:54', 37, 0),
(31, '21-eb1LiXhj-VRM6gt4o_0N', '2022-09-20 21:48:19', 21, 0),
(32, '21-PEgkpgjFC7rOR-c7szQ5', '2022-09-20 21:49:06', 21, 0),
(33, '21-wwffbIw0mm_TmVa43B01', '2022-09-20 21:49:20', 21, 0),
(34, '21-_rsiShtcrS4hmCaXcWG9', '2022-09-20 21:53:02', 21, 0),
(35, '21-kCEXaEJZA0joUcL0txOg', '2022-09-20 21:53:25', 21, 0),
(36, '21-TKzELEC34sG6zCVNb7yW', '2022-09-20 22:24:26', 21, 2),
(37, '21-3O1dllWo8UDdOc3pQriz', '2022-09-24 19:06:09', 21, 2),
(38, '1-kZMB823zCwF81xZlhLSN', '2022-10-12 16:51:03', 1, 1),
(39, '1-uQNTBT6Z5n4o8XjbTD-u', '2022-10-12 16:55:34', 1, 1),
(40, '1-fhjtwGn_du3UvTAv8tLN', '2022-10-12 17:01:20', 1, 1),
(41, '1-QBuLwQocr8CPq9p29mS5', '2022-10-12 17:10:58', 1, 1),
(42, '1-dup82Pq5wDchnK9vR6Vd', '2022-10-12 17:11:05', 1, 1),
(43, '1-oMkM4apmNpW5L7DKUfbW', '2022-10-12 17:15:01', 1, 1),
(44, '1-WzZHf91JQ9XAeI0fDhuf', '2022-10-12 17:15:19', 1, 1),
(45, '1-Iy-xQEmOMzhOIQLyvlvs', '2022-10-12 17:15:35', 1, 1),
(46, '1-tyB-B2iH4Nni-VNLlGpB', '2022-10-12 17:16:11', 1, 1),
(47, '1-BlJUNJxgybper7BVSZro', '2022-10-12 17:17:06', 1, 1),
(48, '14-4syK0M8jaNz3fvv7cVYx', '2022-10-12 17:27:32', 14, 1),
(49, '14-INKWq-n3gteiIANo-FnK', '2022-10-12 17:31:02', 14, 1);

-- --------------------------------------------------------

--
-- Table structure for table `province`
--

CREATE TABLE `province` (
  `id` int NOT NULL,
  `province` varchar(200) CHARACTER SET utf8mb4 COLLATE utf8mb4_unicode_520_ci NOT NULL,
  `province_nepali` varchar(250) CHARACTER SET utf8mb4 COLLATE utf8mb4_unicode_520_ci NOT NULL
) ENGINE=InnoDB DEFAULT CHARSET=latin1;

--
-- Dumping data for table `province`
--

INSERT INTO `province` (`id`, `province`, `province_nepali`) VALUES
(1, 'Province 1', 'प्रदेश नं १'),
(2, 'Province 2', 'प्रदेश नं २'),
(3, 'Province 3', 'बाग्मती प्रदेश'),
(4, 'Province 4', 'गण्डकी प्रदेश'),
(5, 'Province 5', 'लुम्बिनी प्रदेश '),
(6, 'Province 6', 'कर्णाली प्रदेश'),
(7, 'Province 7', ' सुदुरपश्चिम प्रदेश');

-- --------------------------------------------------------

--
-- Table structure for table `sawari_advance_rate`
--

CREATE TABLE `sawari_advance_rate` (
  `id` int NOT NULL,
  `min_amt` decimal(60,2) NOT NULL,
  `max_amt` decimal(60,2) NOT NULL,
  `rate` decimal(10,2) NOT NULL,
  `fk_user_id` int NOT NULL,
  `created_date` datetime NOT NULL DEFAULT CURRENT_TIMESTAMP
) ENGINE=InnoDB DEFAULT CHARSET=utf8mb3 COLLATE=utf8mb3_unicode_520_ci;

--
-- Dumping data for table `sawari_advance_rate`
--

INSERT INTO `sawari_advance_rate` (`id`, `min_amt`, `max_amt`, `rate`, `fk_user_id`, `created_date`) VALUES
(1, '0.00', '5000.00', '5.00', 1, '2022-09-20 21:23:12'),
(2, '5001.00', '10000.00', '10.00', 1, '2022-09-20 21:24:44'),
(3, '10001.00', '20000.00', '15.00', 1, '2022-09-20 21:25:07');

-- --------------------------------------------------------

--
-- Table structure for table `sawari_booked_details`
--

CREATE TABLE `sawari_booked_details` (
  `id` int NOT NULL,
  `fk_vehicle_id` int NOT NULL,
  `booked_date` datetime NOT NULL,
  `status` enum('pending','booking_received','paid','completed','rejected','booked') CHARACTER SET utf8mb3 COLLATE utf8mb3_unicode_520_ci NOT NULL,
  `complete_date` datetime DEFAULT NULL,
  `booking_from` int NOT NULL,
  `booking_to` varchar(250) CHARACTER SET utf8mb3 COLLATE utf8mb3_unicode_520_ci NOT NULL,
  `booking_type` enum('one_way','two_way') COLLATE utf8mb3_unicode_520_ci NOT NULL COMMENT 'one war/two way',
  `booking_days` varchar(250) COLLATE utf8mb3_unicode_520_ci NOT NULL COMMENT 'how many days',
  `remarks` text COLLATE utf8mb3_unicode_520_ci,
  `fk_booked_by` int DEFAULT NULL,
  `fuel` enum('bachat','flat') CHARACTER SET utf8mb3 COLLATE utf8mb3_unicode_520_ci NOT NULL COMMENT 'self fuel or go with owners',
  `booked_at` datetime NOT NULL DEFAULT CURRENT_TIMESTAMP,
  `fk_owner_id` int NOT NULL
) ENGINE=InnoDB DEFAULT CHARSET=utf8mb3 COLLATE=utf8mb3_unicode_520_ci;

--
-- Dumping data for table `sawari_booked_details`
--

INSERT INTO `sawari_booked_details` (`id`, `fk_vehicle_id`, `booked_date`, `status`, `complete_date`, `booking_from`, `booking_to`, `booking_type`, `booking_days`, `remarks`, `fk_booked_by`, `fuel`, `booked_at`, `fk_owner_id`) VALUES
(14, 1, '2079-12-10 00:00:00', 'booked', NULL, 1, 'nepalgunj', 'one_way', '4', 'remarks', 12, 'bachat', '2022-08-20 16:23:28', 0),
(15, 1, '2079-12-10 00:00:00', 'pending', NULL, 1, 'nepalgunj', 'one_way', '4', 'remarks', 12, 'bachat', '2022-08-20 19:11:27', 0),
(16, 1, '2079-12-10 00:00:00', 'pending', NULL, 1, 'nepalgunj', 'one_way', '4', 'remarks', 12, 'bachat', '2022-08-20 19:43:39', 1),
(17, 1, '2079-12-10 00:00:00', 'pending', NULL, 1, 'nepalgunj', 'one_way', '4', 'remarks', 26, 'bachat', '2022-08-20 20:15:21', 1),
(18, 1, '2079-12-10 00:00:00', 'pending', NULL, 1, 'nepalgunj', 'one_way', '4', 'remarks', 26, 'bachat', '2022-08-20 20:15:32', 1),
(19, 14, '2079-12-10 00:00:00', 'rejected', NULL, 1, 'nepalgunj', 'one_way', '4', 'remarks', 12, 'bachat', '2022-08-20 20:16:51', 26),
(20, 14, '2079-12-10 00:00:00', 'pending', NULL, 1, 'nepalgunj', 'one_way', '4', 'remarks', 12, 'bachat', '2022-08-20 23:59:15', 26),
(21, 14, '2079-12-10 00:00:00', 'booking_received', NULL, 1, 'nepalgunj', 'one_way', '4', 'remarks', 12, 'bachat', '2022-08-20 23:59:56', 26);

-- --------------------------------------------------------

--
-- Table structure for table `sawari_location`
--

CREATE TABLE `sawari_location` (
  `id` int NOT NULL,
  `location` varchar(250) COLLATE utf8mb3_unicode_520_ci NOT NULL,
  `created_date` datetime NOT NULL DEFAULT CURRENT_TIMESTAMP,
  `status` varchar(20) COLLATE utf8mb3_unicode_520_ci NOT NULL,
  `fk_user_id` int NOT NULL
) ENGINE=InnoDB DEFAULT CHARSET=utf8mb3 COLLATE=utf8mb3_unicode_520_ci;

--
-- Dumping data for table `sawari_location`
--

INSERT INTO `sawari_location` (`id`, `location`, `created_date`, `status`, `fk_user_id`) VALUES
(1, 'Nepalgunj', '2022-07-20 11:46:18', 'active', 1);

-- --------------------------------------------------------

--
-- Table structure for table `sawari_owner`
--

CREATE TABLE `sawari_owner` (
  `id` int NOT NULL,
  `name` varchar(250) COLLATE utf8mb3_unicode_520_ci NOT NULL,
  `phone` varchar(30) COLLATE utf8mb3_unicode_520_ci NOT NULL,
  `email` varchar(100) COLLATE utf8mb3_unicode_520_ci NOT NULL,
  `address` text COLLATE utf8mb3_unicode_520_ci NOT NULL,
  `citizenship_no` varchar(30) CHARACTER SET utf8mb3 COLLATE utf8mb3_unicode_520_ci DEFAULT NULL,
  `citizenship_photo` text CHARACTER SET utf8mb3 COLLATE utf8mb3_unicode_520_ci,
  `status` varchar(20) COLLATE utf8mb3_unicode_520_ci NOT NULL,
  `created_date` datetime NOT NULL DEFAULT CURRENT_TIMESTAMP,
  `fk_location_id` int DEFAULT NULL,
  `fk_user_id` int DEFAULT NULL,
  `updated_at` datetime DEFAULT NULL,
  `photo` text COLLATE utf8mb3_unicode_520_ci
) ENGINE=InnoDB DEFAULT CHARSET=utf8mb3 COLLATE=utf8mb3_unicode_520_ci;

--
-- Dumping data for table `sawari_owner`
--

INSERT INTO `sawari_owner` (`id`, `name`, `phone`, `email`, `address`, `citizenship_no`, `citizenship_photo`, `status`, `created_date`, `fk_location_id`, `fk_user_id`, `updated_at`, `photo`) VALUES
(1, 'Hiramani Pun', '9816513419', 'punhiramani9@gmail.com', 'nepalgunj', '32342', NULL, 'active', '2079-04-04 00:00:00', NULL, 1, '2023-01-04 12:18:58', NULL),
(2, 'hiramani', '9816513419', 'sawari2@gmail.com', 'nepal', NULL, NULL, 'active', '2022-08-20 20:13:26', 1, NULL, NULL, NULL),
(3, 'Hiramani Pun', '9816513419', 'punhiramani19@gmail.com', 'nepalgunj', '32342', NULL, 'active', '2079-04-04 00:00:00', NULL, 1, NULL, NULL),
(4, 'Hiramani Pun', '9816513419', 'punhiramani12@gmail.com', 'nepalgunj', '32342', NULL, 'active', '2079-04-04 00:00:00', NULL, 1, NULL, NULL),
(5, 'Hiramani Pun', '9816513419', 'punh12@gmail.com', 'nepalgunj', '32342', NULL, 'active', '2023-01-02 13:54:35', NULL, 1, '2023-01-02 13:54:35', NULL),
(6, 'Hiramani Pun', '9816513419', 'punhira12@gmail.com', 'nepalgunj', '32342', NULL, 'active', '2023-01-04 12:03:44', NULL, 1, '2023-01-04 12:03:44', NULL);

-- --------------------------------------------------------

--
-- Table structure for table `sawari_vehicle_details`
--

CREATE TABLE `sawari_vehicle_details` (
  `id` int NOT NULL,
  `fk_location_id` int NOT NULL,
  `fk_vehicle_type` int NOT NULL,
  `fk_vehicle_model` int NOT NULL,
  `total_seats` decimal(10,0) NOT NULL,
  `color` varchar(100) COLLATE utf8mb3_unicode_520_ci NOT NULL,
  `ac_noac` int NOT NULL,
  `status_num` int NOT NULL,
  `created_date` datetime NOT NULL DEFAULT CURRENT_TIMESTAMP,
  `fk_user_id` int NOT NULL,
  `fk_owner_id` int NOT NULL,
  `status_char` varchar(50) COLLATE utf8mb3_unicode_520_ci NOT NULL,
  `image` varchar(250) CHARACTER SET utf8mb3 COLLATE utf8mb3_unicode_520_ci DEFAULT NULL,
  `gadi_no` varchar(50) COLLATE utf8mb3_unicode_520_ci NOT NULL,
  `gadiko_wiwaran` text COLLATE utf8mb3_unicode_520_ci
) ENGINE=InnoDB DEFAULT CHARSET=utf8mb3 COLLATE=utf8mb3_unicode_520_ci;

--
-- Dumping data for table `sawari_vehicle_details`
--

INSERT INTO `sawari_vehicle_details` (`id`, `fk_location_id`, `fk_vehicle_type`, `fk_vehicle_model`, `total_seats`, `color`, `ac_noac`, `status_num`, `created_date`, `fk_user_id`, `fk_owner_id`, `status_char`, `image`, `gadi_no`, `gadiko_wiwaran`) VALUES
(1, 1, 1, 1, '6', 'Red', 1, 1, '2022-07-22 00:00:00', 1, 1, 'available', 'images/2022-07-22 57:07:55.jpeg', '12', 'akfjhask'),
(2, 1, 2, 2, '21', 'color', 1, 1, '2022-07-26 00:00:00', 1, 1, 'available', 'images/2022-07-26 18:07:31.jpeg', '121 sd', 'bus'),
(3, 1, 1, 1, '3', 'Black', 1, 1, '2022-08-12 00:08:46', 12, 6, 'available', NULL, '34 ga cha', 'its a good gadi'),
(4, 1, 1, 1, '3', 'Black', 1, 0, '2022-08-12 00:08:32', 12, 5, 'unavailable', NULL, '34 ga cha', 'its a good gadi'),
(5, 1, 1, 1, '3', 'Black', 1, 1, '2022-08-12 00:08:23', 12, 6, 'available', NULL, '34 ga cha', 'its a good gadi'),
(6, 1, 1, 1, '3', 'Black', 1, 1, '2022-08-12 00:08:19', 12, 6, 'available', NULL, '34 ga cha', 'its a good gadi'),
(7, 1, 1, 1, '3', 'Black', 1, 1, '2022-08-13 00:08:53', 12, 6, 'available', NULL, '34 ga cha', 'its a good gadi'),
(8, 1, 1, 1, '3', 'Black', 1, 1, '2022-08-13 00:08:32', 12, 6, 'available', NULL, '34 ga cha', 'its a good gadi'),
(9, 1, 1, 1, '3', 'Black', 1, 1, '2022-08-13 00:08:11', 12, 3, 'available', NULL, '34 ga cha', 'its a good gadi'),
(10, 1, 1, 1, '3', 'Black', 1, 1, '2022-08-13 00:08:44', 12, 4, 'available', 'images/2022-08-13 18:08:44.jpeg', '34 ga cha', 'its a good gadi'),
(11, 1, 1, 1, '3', 'Black', 1, 1, '2022-08-20 00:08:27', 12, 5, 'available', NULL, '34 ga cha', 'its a good gadi'),
(12, 1, 1, 1, '3', 'Black', 1, 1, '2022-08-20 00:08:52', 12, 2, 'available', 'images/2022-08-20 19:08:52.jpg', '34 ga cha', 'its a good gadi'),
(13, 1, 1, 1, '3', 'Black', 1, 1, '2022-08-20 00:08:57', 12, 1, 'available', 'images/2022-08-20 19:08:57.jpg', '34 ga cha', 'its a good gadi'),
(14, 1, 1, 1, '3', 'Black', 1, 1, '2022-08-20 00:08:21', 26, 1, 'available', 'images/2022-08-20 16:08:21.jpg', '34 ga cha', 'its a good gadi'),
(15, 1, 2, 2, '5', 'red', 1, 1, '2022-09-15 00:00:00', 1, 1, 'available', 'images/2022-09-15 13:09:01.jpeg', '1223', 'description'),
(16, 1, 2, 2, '6', 'color', 1, 1, '2022-09-15 00:00:00', 1, 1, 'available', 'images/2022-09-15 13:09:41.jpeg', '324', 'gadiko wiwaran'),
(17, 1, 2, 1, '6', 'Red', 1, 1, '2022-12-31 00:00:00', 1, 1, 'available', 'image', '23gha23', 'Its beautiful car'),
(18, 1, 2, 1, '6', 'Red', 1, 1, '2022-12-31 00:00:00', 1, 1, 'available', 'image', '23gha23', 'Its beautiful car'),
(19, 1, 2, 1, '6', 'Red', 1, 1, '2022-12-31 00:00:00', 1, 4, 'available', 'image', '23gha23', 'Its beautiful car'),
(20, 1, 1, 1, '8', 'red', 1, 1, '2023-01-04 17:05:15', 1, 1, 'available', NULL, '23 ga 32', 'Gadi ramro xa'),
(21, 1, 1, 1, '8', 'red', 1, 1, '2023-01-04 17:06:05', 1, 1, 'available', NULL, '23 ga 32', 'Gadi ramro xa'),
(22, 1, 1, 1, '8', 'red', 1, 1, '2023-01-04 17:07:45', 1, 1, 'available', NULL, '23 ga 32', 'Gadi ramro xa hai'),
(23, 1, 1, 1, '8', 'red', 1, 1, '2023-01-04 17:12:28', 1, 1, 'available', NULL, '23 ga 32', 'Gadi ramro xa hai'),
(24, 1, 1, 1, '8', 'red', 1, 1, '2023-01-04 17:13:16', 1, 1, 'available', NULL, '23 ga 32', 'Gadi ramro xa hai'),
(25, 1, 1, 1, '8', 'red', 1, 1, '2023-01-04 17:16:14', 1, 1, 'available', NULL, '23 ga 32', 'Gadi ramro xa hai'),
(26, 1, 1, 1, '8', 'red', 1, 1, '2023-01-04 17:17:19', 1, 1, 'available', NULL, '23 ga 32', 'Gadi ramro xa hai'),
(27, 1, 1, 1, '8', 'red', 1, 1, '2023-01-04 17:21:57', 1, 1, 'available', NULL, '23 ga 32', 'Gadi ramro xa hai'),
(28, 1, 1, 1, '8', 'red', 1, 1, '2023-01-04 17:26:55', 1, 1, 'available', NULL, '23 ga 32', 'Gadi ramro xa hai'),
(29, 1, 1, 1, '8', 'red', 1, 1, '2023-01-04 17:28:56', 1, 1, 'available', NULL, '23 ga 32', 'Gadi ramro xa hai'),
(30, 1, 1, 1, '8', 'red', 1, 1, '2023-01-04 17:29:19', 1, 1, 'available', NULL, '23 ga 32', 'Gadi ramro xa hai'),
(31, 1, 1, 1, '8', 'red', 1, 1, '2023-01-04 17:31:17', 1, 1, 'available', NULL, '23 ga 32', 'Gadi ramro xa hai'),
(32, 1, 1, 1, '8', 'red', 1, 1, '2023-01-04 17:45:00', 1, 1, 'available', NULL, '23 ga 32', 'Gadi ramro xa hai');

-- --------------------------------------------------------

--
-- Table structure for table `sawari_vehicle_model`
--

CREATE TABLE `sawari_vehicle_model` (
  `id` int NOT NULL,
  `fk_vehicle_type` int NOT NULL,
  `created_date` datetime NOT NULL DEFAULT CURRENT_TIMESTAMP,
  `fk_user_id` int NOT NULL,
  `status` varchar(250) COLLATE utf8mb3_unicode_520_ci NOT NULL,
  `model` varchar(250) COLLATE utf8mb3_unicode_520_ci NOT NULL
) ENGINE=InnoDB DEFAULT CHARSET=utf8mb3 COLLATE=utf8mb3_unicode_520_ci;

--
-- Dumping data for table `sawari_vehicle_model`
--

INSERT INTO `sawari_vehicle_model` (`id`, `fk_vehicle_type`, `created_date`, `fk_user_id`, `status`, `model`) VALUES
(1, 1, '2022-07-20 12:07:13', 1, 'active', 'B2'),
(2, 2, '2022-07-22 20:02:09', 1, 'active', 'Mini Bus');

-- --------------------------------------------------------

--
-- Table structure for table `sawari_vehicle_type`
--

CREATE TABLE `sawari_vehicle_type` (
  `id` int NOT NULL,
  `type` varchar(250) COLLATE utf8mb3_unicode_520_ci NOT NULL,
  `created_date` datetime NOT NULL DEFAULT CURRENT_TIMESTAMP,
  `fk_user_id` int NOT NULL,
  `remarks` text COLLATE utf8mb3_unicode_520_ci,
  `status` varchar(250) COLLATE utf8mb3_unicode_520_ci NOT NULL
) ENGINE=InnoDB DEFAULT CHARSET=utf8mb3 COLLATE=utf8mb3_unicode_520_ci;

--
-- Dumping data for table `sawari_vehicle_type`
--

INSERT INTO `sawari_vehicle_type` (`id`, `type`, `created_date`, `fk_user_id`, `remarks`, `status`) VALUES
(1, 'Bolero', '2022-07-20 11:54:46', 1, NULL, 'active'),
(2, 'Bus', '2022-07-22 20:01:41', 1, NULL, 'active');

-- --------------------------------------------------------

--
-- Table structure for table `services`
--

CREATE TABLE `services` (
  `id` int NOT NULL,
  `fk_service_office` int NOT NULL,
  `service_name` varchar(250) COLLATE utf8mb3_unicode_520_ci NOT NULL,
  `remarks` text COLLATE utf8mb3_unicode_520_ci,
  `created_date` date NOT NULL,
  `update_at` date DEFAULT NULL,
  `fk_user_id` int NOT NULL,
  `status` int NOT NULL,
  `service_charge` decimal(10,0) NOT NULL
) ENGINE=InnoDB DEFAULT CHARSET=utf8mb3 COLLATE=utf8mb3_unicode_520_ci;

--
-- Dumping data for table `services`
--

INSERT INTO `services` (`id`, `fk_service_office`, `service_name`, `remarks`, `created_date`, `update_at`, `fk_user_id`, `status`, `service_charge`) VALUES
(1, 1, 'जग्गा नामसारी', 'जग्गा नामसारी', '2079-01-03', '2079-01-03', 1, 1, '100'),
(2, 2, 'blue book renew', 'remarks', '2079-01-04', '2079-01-04', 1, 1, '100'),
(3, 1, 'ghar tiro', 'remarks\r\n', '2079-02-07', '2079-02-07', 1, 1, '100');

-- --------------------------------------------------------

--
-- Table structure for table `service_form`
--

CREATE TABLE `service_form` (
  `id` int NOT NULL,
  `fk_service_office` int NOT NULL,
  `fk_service_place` int NOT NULL,
  `fk_service_id` int NOT NULL,
  `contact_person` varchar(250) COLLATE utf8mb3_unicode_520_ci NOT NULL,
  `contact_phone` varchar(250) COLLATE utf8mb3_unicode_520_ci NOT NULL,
  `contact_email` varchar(50) COLLATE utf8mb3_unicode_520_ci DEFAULT NULL,
  `contact_address` varchar(250) COLLATE utf8mb3_unicode_520_ci NOT NULL,
  `remarks` text COLLATE utf8mb3_unicode_520_ci,
  `file` varchar(250) COLLATE utf8mb3_unicode_520_ci DEFAULT NULL,
  `created_date` date NOT NULL,
  `update_date` date DEFAULT NULL,
  `updated_by` int DEFAULT NULL,
  `status` int NOT NULL,
  `asigned_to` int DEFAULT NULL,
  `completed_at` date DEFAULT NULL,
  `fk_user_id` int DEFAULT NULL
) ENGINE=InnoDB DEFAULT CHARSET=utf8mb3 COLLATE=utf8mb3_unicode_520_ci;

--
-- Dumping data for table `service_form`
--

INSERT INTO `service_form` (`id`, `fk_service_office`, `fk_service_place`, `fk_service_id`, `contact_person`, `contact_phone`, `contact_email`, `contact_address`, `remarks`, `file`, `created_date`, `update_date`, `updated_by`, `status`, `asigned_to`, `completed_at`, `fk_user_id`) VALUES
(1, 1, 1, 1, 'Hiramani Pun', '9816513419', 'punhiramani8@gmail.com', 'thegana', 'remarks', 'images/Hiramani Pun-file.jpeg', '2079-01-03', '2079-01-03', NULL, 3, 3, '2079-01-16', 1),
(2, 1, 1, 1, 'Hiramani Pun', '9816513419', 'punhiramani8@gmail.com', 'thegana nepalgunj', 'remarks', 'images/Hiramani Pun-file.jpg', '2079-01-16', '2079-01-16', NULL, 1, 1, '2022-06-12', NULL),
(3, 1, 1, 1, 'Hiramani Pun', '9816513419', 'punhiramani8@gmail.com', 'address', 'remarks', 'images/Hiramani Pun-file.jpg', '2079-01-16', '2079-01-16', NULL, 0, 3, NULL, NULL),
(7, 2, 1, 2, 'Hiramani Pun', '9816513419', 'punhiramani8@gmail.com', 'address', 'remarks', 'images/Hiramani Pun-file.jpg', '2079-01-16', '2079-01-16', NULL, 1, 3, NULL, NULL),
(8, 1, 1, 1, 'Hiramani Pun', '9816513419', 'punhiramani8@gmail.com', '12345', 'remarks', 'images/Hiramani Pun-file.jpg', '2079-01-18', '2079-01-18', NULL, 1, 3, NULL, 1),
(9, 1, 1, 1, 'Hiramani Pun', '9816513419', 'punhiramani8@gmail.com', 'thegana', 'remarks', 'images/Hiramani Pun-file.jpg', '2079-01-18', '2079-01-18', NULL, 1, 3, NULL, NULL),
(10, 2, 1, 2, 'Ram Kumar', '98764123', '', 'thegana', 'remrkas', NULL, '2079-01-18', '2079-01-18', NULL, 1, 3, NULL, NULL),
(11, 1, 1, 1, 'hiramani Pun', '9816513419', NULL, 'Rajapur', NULL, NULL, '2078-09-09', NULL, NULL, 0, NULL, NULL, NULL),
(12, 1, 1, 1, 'hiramani Pun', '9816513419', 'punhiramani8@gmail.com', 'Rajapur', NULL, NULL, '2078-09-09', NULL, NULL, 0, NULL, NULL, NULL),
(13, 1, 1, 1, 'hiramani Pun', '9816513419', 'punhiramani8@gmail.com', 'Rajapur', NULL, NULL, '2078-09-09', NULL, NULL, 0, NULL, NULL, NULL),
(14, 1, 1, 1, 'hiramani Pun', '9816513419', 'punhiramani8@gmail.com', 'Rajapur', NULL, NULL, '2078-09-09', NULL, NULL, 0, NULL, NULL, NULL),
(15, 1, 1, 1, 'hiramani Pun', '9816513419', 'punhiramani8@gmail.com', 'Rajapur', NULL, NULL, '2078-09-09', NULL, NULL, 0, NULL, NULL, NULL),
(16, 1, 1, 1, 'hiramani Pun', '9816513419', 'punhiramani8@gmail.com', 'Rajapur', NULL, NULL, '2078-09-09', NULL, NULL, 0, NULL, NULL, NULL),
(17, 1, 1, 1, 'hiramani Pun', '9816513419', 'punhiramani8@gmail.com', 'Rajapur', NULL, NULL, '2078-09-09', NULL, NULL, 0, NULL, NULL, NULL),
(18, 1, 1, 1, 'hiramani Pun', '9816513419', 'punhiramani8@gmail.com', 'Rajapur', NULL, NULL, '2078-09-09', NULL, NULL, 0, NULL, NULL, NULL),
(19, 1, 1, 1, 'hiramani Pun', '9816513419', 'punhiramani8@gmail.com', 'Rajapur', NULL, NULL, '2078-09-09', NULL, NULL, 0, NULL, NULL, NULL),
(20, 1, 1, 1, 'hiramani Pun', '9816513419', 'punhiramani8@gmail.com', 'Rajapur', NULL, NULL, '2078-09-09', NULL, NULL, 0, NULL, NULL, NULL),
(21, 1, 1, 1, 'hiramani Pun', '9816513419', 'punhiramani8@gmail.com', 'Rajapur', NULL, NULL, '2078-09-09', NULL, NULL, 0, NULL, NULL, NULL),
(22, 1, 1, 1, 'hiramani Pun', '9816513419', 'punhiramani8@gmail.com', 'Rajapur', NULL, NULL, '2078-09-09', NULL, NULL, 0, NULL, NULL, NULL),
(23, 1, 1, 1, 'hiramani Pun', '9816513419', 'punhiramani8@gmail.com', 'Rajapur', NULL, NULL, '2078-09-09', NULL, NULL, 0, NULL, NULL, NULL),
(24, 1, 1, 1, 'hiramani Pun', '9816513419', 'punhiramani8@gmail.com', 'Rajapur', NULL, NULL, '2078-09-09', NULL, NULL, 0, NULL, NULL, NULL),
(25, 1, 1, 1, 'hiramani Pun', '9816513419', 'punhiramani8@gmail.com', 'Rajapur', NULL, NULL, '2078-09-09', NULL, NULL, 0, NULL, NULL, NULL),
(26, 1, 1, 1, 'hiramani Pun', '9816513419', 'punhiramani8@gmail.com', 'Rajapur', NULL, NULL, '2078-09-09', NULL, NULL, 0, NULL, NULL, NULL),
(27, 1, 1, 1, 'hiramani Pun', '9816513419', 'punhiramani8@gmail.com', 'Rajapur', NULL, NULL, '2078-09-09', NULL, NULL, 0, NULL, NULL, NULL),
(28, 1, 1, 1, 'hiramani Pun', '9816513419', 'punhiramani8@gmail.com', 'Rajapur', NULL, NULL, '2078-09-09', NULL, NULL, 0, NULL, NULL, NULL),
(29, 1, 1, 1, 'hiramani Pun', '9816513419', 'punhiramani8@gmail.com', 'Rajapur', NULL, NULL, '2078-09-09', NULL, NULL, 0, NULL, NULL, NULL),
(30, 1, 1, 1, 'hiramani pun magar', '9816513419', 'punhiramani8@gmal.com', 'bardiya', NULL, NULL, '2079-09-09', NULL, NULL, 1, NULL, NULL, NULL),
(31, 1, 1, 1, 'hiramani pun magar', '9816513419', 'punhiramani8@gmal.com', 'bardiya', NULL, NULL, '2079-09-09', NULL, NULL, 1, NULL, NULL, NULL),
(32, 1, 1, 1, 'hiramani pun magar', '9816513419', 'punhiramani8@gmal.com', 'bardiya', NULL, 'images/hiramani pun magar-file.jpg', '2079-09-09', NULL, NULL, 3, 3, NULL, NULL),
(33, 1, 1, 1, 'hiramani pun magar', '9816513419', 'punhiramani8@gmal.com', 'bardiya', NULL, 'images/hiramani pun magar-file.jpg', '2079-09-09', NULL, NULL, 3, 3, NULL, NULL),
(34, 1, 1, 1, 'hiramani pun magar', '9816513419', 'punhiramani8@gmal.com', 'bardiya', '', NULL, '2079-03-10', NULL, NULL, 0, NULL, NULL, NULL),
(35, 1, 1, 1, 'hiramani pun magar', '9816513419', 'punhiramani8@gmal.com', 'bardiya', '', NULL, '2079-03-10', NULL, NULL, 0, NULL, NULL, NULL),
(36, 1, 1, 1, 'hiramani pun magar', '9816513419', 'punhiramani8@gmal.com', 'bardiya', '', NULL, '2079-03-25', NULL, NULL, 0, NULL, NULL, NULL),
(37, 1, 1, 1, 'hiramani pun magar', '9816513419', 'punhiramani8@gmal.com', 'bardiya', '', NULL, '2079-03-25', NULL, NULL, 1, 3, NULL, NULL),
(38, 1, 1, 1, 'hiramani pun magar', '9816513419', 'punhiramani8@gmal.com', 'bardiya', '', NULL, '2079-03-26', NULL, NULL, 0, NULL, NULL, NULL),
(39, 1, 1, 1, 'hiramani pun magar', '9816513419', 'punhiramani8@gmal.com', 'bardiya', '', NULL, '2079-03-26', NULL, NULL, 0, NULL, NULL, NULL);

-- --------------------------------------------------------

--
-- Table structure for table `service_offices`
--

CREATE TABLE `service_offices` (
  `id` int NOT NULL,
  `offices` varchar(250) COLLATE utf8mb3_unicode_520_ci NOT NULL,
  `status` int NOT NULL,
  `created_date` date NOT NULL,
  `update_date` date DEFAULT NULL,
  `fk_service_place` int NOT NULL
) ENGINE=InnoDB DEFAULT CHARSET=utf8mb3 COLLATE=utf8mb3_unicode_520_ci;

--
-- Dumping data for table `service_offices`
--

INSERT INTO `service_offices` (`id`, `offices`, `status`, `created_date`, `update_date`, `fk_service_place`) VALUES
(1, 'मालपोत', 1, '2079-01-03', '2079-01-03', 2),
(2, 'yaataayat', 1, '2079-01-04', '2079-01-04', 1),
(3, 'bidhyut', 1, '2079-02-07', '2079-02-07', 1);

-- --------------------------------------------------------

--
-- Table structure for table `service_places`
--

CREATE TABLE `service_places` (
  `id` int NOT NULL,
  `place` varchar(250) COLLATE utf8mb3_unicode_520_ci NOT NULL,
  `created_date` date NOT NULL,
  `update_at` date DEFAULT NULL,
  `fk_province_id` int NOT NULL,
  `fk_district_id` int NOT NULL,
  `address` varchar(250) COLLATE utf8mb3_unicode_520_ci NOT NULL,
  `status` int NOT NULL,
  `fk_municipal_id` int NOT NULL
) ENGINE=InnoDB DEFAULT CHARSET=utf8mb3 COLLATE=utf8mb3_unicode_520_ci;

--
-- Dumping data for table `service_places`
--

INSERT INTO `service_places` (`id`, `place`, `created_date`, `update_at`, `fk_province_id`, `fk_district_id`, `address`, `status`, `fk_municipal_id`) VALUES
(1, 'बाँके', '2079-01-03', '2079-01-03', 3, 38, 'tol', 1, 283),
(2, 'gulariya', '2079-01-04', '2079-01-04', 5, 61, 'gulariya -1', 1, 486);

-- --------------------------------------------------------

--
-- Table structure for table `users`
--

CREATE TABLE `users` (
  `id` int NOT NULL,
  `username` varchar(250) COLLATE utf8mb3_unicode_520_ci NOT NULL,
  `password` varchar(250) COLLATE utf8mb3_unicode_520_ci NOT NULL,
  `auth_key` varchar(250) COLLATE utf8mb3_unicode_520_ci NOT NULL,
  `name` varchar(250) COLLATE utf8mb3_unicode_520_ci NOT NULL,
  `phone` varchar(20) COLLATE utf8mb3_unicode_520_ci NOT NULL,
  `email` varchar(50) COLLATE utf8mb3_unicode_520_ci DEFAULT NULL,
  `photo` varchar(250) COLLATE utf8mb3_unicode_520_ci DEFAULT NULL,
  `fk_province_id` int NOT NULL,
  `fk_district_id` int NOT NULL,
  `fk_municipal_id` int NOT NULL,
  `address` varchar(250) COLLATE utf8mb3_unicode_520_ci NOT NULL,
  `others` varchar(250) COLLATE utf8mb3_unicode_520_ci DEFAULT NULL,
  `user_type` int NOT NULL,
  `created_at` date NOT NULL,
  `updated_at` date DEFAULT NULL,
  `status` int NOT NULL,
  `fk_user_id` int DEFAULT NULL,
  `fk_service_place` int DEFAULT NULL,
  `access_token` varchar(250) COLLATE utf8mb3_unicode_520_ci NOT NULL,
  `firebase_token` text COLLATE utf8mb3_unicode_520_ci,
  `sawari_owner_id` int DEFAULT NULL
) ENGINE=InnoDB DEFAULT CHARSET=utf8mb3 COLLATE=utf8mb3_unicode_520_ci;

--
-- Dumping data for table `users`
--

INSERT INTO `users` (`id`, `username`, `password`, `auth_key`, `name`, `phone`, `email`, `photo`, `fk_province_id`, `fk_district_id`, `fk_municipal_id`, `address`, `others`, `user_type`, `created_at`, `updated_at`, `status`, `fk_user_id`, `fk_service_place`, `access_token`, `firebase_token`, `sawari_owner_id`) VALUES
(1, 'punhiramani8@gmail.com', 'tuki@12345', '625a4c037e4ef', 'Hiramani Pun', '9816513419', '', 'images/Hiramani Pun-profile.png', 5, 62, 489, 'tol', '', 1, '2079-01-03', '2022-12-30', 1, 1, 1, 'dKvmRVUZLyt1sd', 'dlnPpntdQKajxNzVogetAE:APA91bHUkDkwsTjgAuEfft5yeQM1m5K4uXizQgKXY122e72RCOTMMXiJgP7yCsqameAqlM3MnPVxZO6OUE75mk6V4dK--zChxCSH8qipKe7mbQthDL86D0QatL2T0TlYDIs3EMJ3X43A', 1),
(2, 'sumit@gmail.com', 'tuki@12345', '625a78eca002e', 'Sumit Kakshapati', '9816513419', 'punhiramani8@gmail.com', 'images/Sumit Kakshapati-profile.png', 3, 37, 278, 'tol', '', 2, '2079-01-03', NULL, 1, 1, 1, 'dKvmRVUZLyt1', 'assgsgreew3', NULL),
(3, 'rabindra@gmail.com', 'tuki@12345', '625c22291902e', 'Rabindra Gyayali', '98765432', '', 'images/Rabindra Gyayali-profile.jpg', 5, 62, 488, 'tol', '', 2, '2079-01-04', NULL, 1, 1, 1, '', 'dlnPpntdQKajxNzVogetAE:APA91bHUkDkwsTjgAuEfft5yeQM1m5K4uXizQgKXY122e72RCOTMMXiJgP7yCsqameAqlM3MnPVxZO6OUE75mk6V4dK--zChxCSH8qipKe7mbQthDL86D0QatL2T0TlYDIs3EMJ3X43A', NULL),
(4, 'pun@gmail.com', '12345', '6288ce0908ebc', 'hiramani', '9816513419', NULL, NULL, 1, 1, 1, 'nepal', 'remarks', 2, '2079-02-07', NULL, 0, NULL, 1, '', NULL, NULL),
(5, 'pun@gmail.com', '12345', '628b10a3e35af', 'hiramani', '9816513419', NULL, NULL, 1, 1, 1, 'nepal', 'remarks', 2, '2079-02-09', NULL, 0, NULL, 1, '', NULL, NULL),
(6, 'pun@gmail.com', '12345', '628b1174d67e8', 'hiramani', '9816513419', NULL, NULL, 1, 1, 1, 'nepal', 'remarks', 2, '2079-02-09', NULL, 0, NULL, 1, '', NULL, NULL),
(7, 'pun@gmail.com', '12345', '628b11b783d10', 'hiramani', '9816513419', NULL, NULL, 1, 1, 1, 'nepal', 'remarks', 2, '2079-02-09', NULL, 0, NULL, 1, '', NULL, NULL),
(8, 'pun@gmail.com', '12345', '628b11f203d5f', 'hiramani', '9816513419', NULL, NULL, 1, 1, 1, 'nepal', 'remarks', 2, '2079-02-09', NULL, 0, NULL, 1, '', NULL, NULL),
(9, 'pun@gmail.com', '12345', '628b11fb97dd0', 'hiramani', '9816513419', NULL, NULL, 1, 1, 1, 'nepal', 'remarks', 2, '2079-02-09', NULL, 0, NULL, 1, '', NULL, NULL),
(10, 'pun@gmail.com', '12345', '628b12679c5fd', 'hiramani', '9816513419', NULL, NULL, 1, 1, 1, 'nepal', 'remarks', 2, '2079-02-09', NULL, 0, NULL, 1, '', NULL, NULL),
(11, 'pun@gmail.com', 'tuki@12345', '628b136adbe82', 'hiramani', '98765431', '', 'images/hiramani-profile.jpg', 1, 2, 30, 'tol', 'other', 2, '2079-02-09', NULL, 1, 1, 1, '', NULL, NULL),
(12, 'sawari@gmail.com', '12345', '62f5c098722dd', 'hiramani', '9816513419', NULL, NULL, 1, 1, 1, 'nepal', 'remarks', 6, '2079-04-27', NULL, 0, NULL, 1, 'fJRQe-z2Q6BeJo3rQZNg', NULL, NULL),
(23, 'user@gmail.com', 'P@ssw0rd', '62f8ce7f2b9d7', 'Test User', '9844774503', NULL, NULL, 5, 71, 558, 'Tansen', NULL, 5, '2079-04-29', NULL, 0, NULL, 8, 'Q9PU3XG5-EcolDqdgnEv', NULL, NULL),
(25, 'sawari1@gmail.com', '12345', '6300ef0f8ce83', 'hiramani', '9816513419', NULL, NULL, 1, 1, 1, 'nepal', 'remarks', 6, '2079-05-04', NULL, 0, NULL, 1, 'SRTkLURgAGuMWPI1i5eM', NULL, NULL),
(26, 'sawari2@gmail.com', '12345', '6300ef8a785da', 'hiramani', '9816513419', NULL, 'images/hiramani-profile2022-08-21 0:08:16.jpg', 1, 1, 1, 'nepal', 'remarks', 6, '2079-05-04', NULL, 0, NULL, 1, '6zfflNyuiVsvMhNu3_bN', NULL, 2),
(27, 'hiramani@gmail.com', 'tuki@12345', '@yfHlXhk', 'Hiramani', '098765432', 'ram@gmail.com', 'photo of the day', 1, 1, 0, 'adkjfas', 'others', 1, '2022-12-30', '2022-12-30', 1, 1, 1, '@yfHlXhk', '@yfHlXhk', 1),
(28, 'hiramani@gmail.com', 'tuki@12345', '9wZTUQ8x', 'Hiramani', '098765432', 'ram@gmail.com', 'photo of the day', 1, 1, 0, 'adkjfas', 'others', 1, '2022-12-30', '2022-12-30', 1, 1, 1, '9wZTUQ8x', '9wZTUQ8x', 1),
(29, 'hiramani@gmail.com', 'tuki@12345', 'GWY%S9iN', 'Hiramani', '098765432', 'ram@gmail.com', 'photo of the day', 1, 1, 0, 'adkjfas', 'others', 1, '2022-12-30', '2022-12-30', 1, 1, 1, 'GWY%S9iN', 'GWY%S9iN', 1),
(30, 'hiramani@gmail.com', 'tuki@12345', 'au2fLB8A', 'Hiramani', '098765432', 'ram@gmail.com', 'photo of the day', 1, 1, 0, 'adkjfas', 'others', 1, '2022-12-30', '2022-12-30', 1, 1, 1, 'au2fLB8A', 'au2fLB8A', 1),
(31, 'hiramani@gmail.com', 'tuki@12345', 'RnH&w5sa', 'Hiramani', '098765432', 'ram@gmail.com', 'photo of the day', 1, 1, 0, 'adkjfas', 'others', 1, '2022-12-30', '2022-12-30', 1, 1, 1, 'RnH&w5sa', 'RnH&w5sa', 1),
(32, 'hiramani@gmail.com', 'tuki@12345', 'pHQWyDpB', 'Hiramani', '098765432', 'ram@gmail.com', 'photo of the day', 1, 1, 0, 'adkjfas', 'others', 1, '2022-12-30', '2022-12-30', 1, 1, 1, 'pHQWyDpB', 'pHQWyDpB', 1),
(33, 'hiramani@gmail.com', 'tuki@12345', 'ALS&HBeJ', 'Hiramani', '098765432', 'ramhari@gmail.com', 'photo of the day', 1, 1, 0, 'adkjfas', 'others', 1, '2022-12-30', '2022-12-30', 1, 1, 1, 'ALS&HBeJ', 'ALS&HBeJ', 1),
(34, 'hiramani@gmail.com', 'tuki@12345', 'SJtzl5we', 'Hiramani', '098765432', 'ramhari@gmail.com', 'photo of the day', 1, 1, 0, 'adkjfas', 'others', 1, '2022-12-30', '2022-12-30', 1, 1, 1, 'SJtzl5we', 'SJtzl5we', 1);

-- --------------------------------------------------------

--
-- Table structure for table `vehicle_booked_pre_amount`
--

CREATE TABLE `vehicle_booked_pre_amount` (
  `id` int NOT NULL,
  `fk_book_id` int NOT NULL,
  `amount` decimal(10,2) NOT NULL,
  `date` datetime NOT NULL DEFAULT CURRENT_TIMESTAMP
) ENGINE=InnoDB DEFAULT CHARSET=utf8mb3 COLLATE=utf8mb3_unicode_520_ci;

--
-- Dumping data for table `vehicle_booked_pre_amount`
--

INSERT INTO `vehicle_booked_pre_amount` (`id`, `fk_book_id`, `amount`, `date`) VALUES
(1, 21, '10000.00', '2022-08-21 00:01:22');

--
-- Indexes for dumped tables
--

--
-- Indexes for table `advertisement`
--
ALTER TABLE `advertisement`
  ADD PRIMARY KEY (`id`);

--
-- Indexes for table `asign_task`
--
ALTER TABLE `asign_task`
  ADD PRIMARY KEY (`id`);

--
-- Indexes for table `district`
--
ALTER TABLE `district`
  ADD PRIMARY KEY (`id`);

--
-- Indexes for table `khalti_transaction`
--
ALTER TABLE `khalti_transaction`
  ADD PRIMARY KEY (`id`);

--
-- Indexes for table `municipals`
--
ALTER TABLE `municipals`
  ADD PRIMARY KEY (`id`);

--
-- Indexes for table `notifications`
--
ALTER TABLE `notifications`
  ADD PRIMARY KEY (`id`);

--
-- Indexes for table `payment_records`
--
ALTER TABLE `payment_records`
  ADD PRIMARY KEY (`id`);

--
-- Indexes for table `payment_transaction`
--
ALTER TABLE `payment_transaction`
  ADD PRIMARY KEY (`id`);

--
-- Indexes for table `province`
--
ALTER TABLE `province`
  ADD PRIMARY KEY (`id`);

--
-- Indexes for table `sawari_advance_rate`
--
ALTER TABLE `sawari_advance_rate`
  ADD PRIMARY KEY (`id`);

--
-- Indexes for table `sawari_booked_details`
--
ALTER TABLE `sawari_booked_details`
  ADD PRIMARY KEY (`id`),
  ADD KEY `FK8dh0m47exj8gsiect6pfei279` (`booking_from`);

--
-- Indexes for table `sawari_location`
--
ALTER TABLE `sawari_location`
  ADD PRIMARY KEY (`id`);

--
-- Indexes for table `sawari_owner`
--
ALTER TABLE `sawari_owner`
  ADD PRIMARY KEY (`id`),
  ADD KEY `FKjw1q5xg4njldkxrwdy0ba6lg2` (`fk_location_id`);

--
-- Indexes for table `sawari_vehicle_details`
--
ALTER TABLE `sawari_vehicle_details`
  ADD PRIMARY KEY (`id`),
  ADD KEY `FKdvs75gc0373inf0ljmbisqgbb` (`fk_vehicle_model`),
  ADD KEY `FKtcs64vrxwmea7ns5ldymhxhp2` (`fk_vehicle_type`),
  ADD KEY `FK2uvfml4k1qihbnb120g4g7sek` (`fk_owner_id`),
  ADD KEY `FKdyw1cgr9mhui75fb2yt73jq9g` (`fk_location_id`);

--
-- Indexes for table `sawari_vehicle_model`
--
ALTER TABLE `sawari_vehicle_model`
  ADD PRIMARY KEY (`id`),
  ADD KEY `FKag7xs7la914679pxtck3ilufr` (`fk_vehicle_type`);

--
-- Indexes for table `sawari_vehicle_type`
--
ALTER TABLE `sawari_vehicle_type`
  ADD PRIMARY KEY (`id`);

--
-- Indexes for table `services`
--
ALTER TABLE `services`
  ADD PRIMARY KEY (`id`);

--
-- Indexes for table `service_form`
--
ALTER TABLE `service_form`
  ADD PRIMARY KEY (`id`);

--
-- Indexes for table `service_offices`
--
ALTER TABLE `service_offices`
  ADD PRIMARY KEY (`id`);

--
-- Indexes for table `service_places`
--
ALTER TABLE `service_places`
  ADD PRIMARY KEY (`id`);

--
-- Indexes for table `users`
--
ALTER TABLE `users`
  ADD PRIMARY KEY (`id`);

--
-- Indexes for table `vehicle_booked_pre_amount`
--
ALTER TABLE `vehicle_booked_pre_amount`
  ADD PRIMARY KEY (`id`);

--
-- AUTO_INCREMENT for dumped tables
--

--
-- AUTO_INCREMENT for table `advertisement`
--
ALTER TABLE `advertisement`
  MODIFY `id` int NOT NULL AUTO_INCREMENT, AUTO_INCREMENT=2;

--
-- AUTO_INCREMENT for table `asign_task`
--
ALTER TABLE `asign_task`
  MODIFY `id` int NOT NULL AUTO_INCREMENT, AUTO_INCREMENT=73;

--
-- AUTO_INCREMENT for table `district`
--
ALTER TABLE `district`
  MODIFY `id` int NOT NULL AUTO_INCREMENT, AUTO_INCREMENT=93;

--
-- AUTO_INCREMENT for table `khalti_transaction`
--
ALTER TABLE `khalti_transaction`
  MODIFY `id` int NOT NULL AUTO_INCREMENT, AUTO_INCREMENT=8;

--
-- AUTO_INCREMENT for table `municipals`
--
ALTER TABLE `municipals`
  MODIFY `id` int NOT NULL AUTO_INCREMENT, AUTO_INCREMENT=769;

--
-- AUTO_INCREMENT for table `notifications`
--
ALTER TABLE `notifications`
  MODIFY `id` int NOT NULL AUTO_INCREMENT, AUTO_INCREMENT=75;

--
-- AUTO_INCREMENT for table `payment_records`
--
ALTER TABLE `payment_records`
  MODIFY `id` int NOT NULL AUTO_INCREMENT, AUTO_INCREMENT=5;

--
-- AUTO_INCREMENT for table `payment_transaction`
--
ALTER TABLE `payment_transaction`
  MODIFY `id` int NOT NULL AUTO_INCREMENT, AUTO_INCREMENT=50;

--
-- AUTO_INCREMENT for table `province`
--
ALTER TABLE `province`
  MODIFY `id` int NOT NULL AUTO_INCREMENT, AUTO_INCREMENT=8;

--
-- AUTO_INCREMENT for table `sawari_advance_rate`
--
ALTER TABLE `sawari_advance_rate`
  MODIFY `id` int NOT NULL AUTO_INCREMENT, AUTO_INCREMENT=4;

--
-- AUTO_INCREMENT for table `sawari_booked_details`
--
ALTER TABLE `sawari_booked_details`
  MODIFY `id` int NOT NULL AUTO_INCREMENT, AUTO_INCREMENT=22;

--
-- AUTO_INCREMENT for table `sawari_location`
--
ALTER TABLE `sawari_location`
  MODIFY `id` int NOT NULL AUTO_INCREMENT, AUTO_INCREMENT=2;

--
-- AUTO_INCREMENT for table `sawari_owner`
--
ALTER TABLE `sawari_owner`
  MODIFY `id` int NOT NULL AUTO_INCREMENT, AUTO_INCREMENT=7;

--
-- AUTO_INCREMENT for table `sawari_vehicle_details`
--
ALTER TABLE `sawari_vehicle_details`
  MODIFY `id` int NOT NULL AUTO_INCREMENT, AUTO_INCREMENT=33;

--
-- AUTO_INCREMENT for table `sawari_vehicle_model`
--
ALTER TABLE `sawari_vehicle_model`
  MODIFY `id` int NOT NULL AUTO_INCREMENT, AUTO_INCREMENT=3;

--
-- AUTO_INCREMENT for table `sawari_vehicle_type`
--
ALTER TABLE `sawari_vehicle_type`
  MODIFY `id` int NOT NULL AUTO_INCREMENT, AUTO_INCREMENT=3;

--
-- AUTO_INCREMENT for table `services`
--
ALTER TABLE `services`
  MODIFY `id` int NOT NULL AUTO_INCREMENT, AUTO_INCREMENT=4;

--
-- AUTO_INCREMENT for table `service_form`
--
ALTER TABLE `service_form`
  MODIFY `id` int NOT NULL AUTO_INCREMENT, AUTO_INCREMENT=40;

--
-- AUTO_INCREMENT for table `service_offices`
--
ALTER TABLE `service_offices`
  MODIFY `id` int NOT NULL AUTO_INCREMENT, AUTO_INCREMENT=4;

--
-- AUTO_INCREMENT for table `service_places`
--
ALTER TABLE `service_places`
  MODIFY `id` int NOT NULL AUTO_INCREMENT, AUTO_INCREMENT=3;

--
-- AUTO_INCREMENT for table `users`
--
ALTER TABLE `users`
  MODIFY `id` int NOT NULL AUTO_INCREMENT, AUTO_INCREMENT=35;

--
-- AUTO_INCREMENT for table `vehicle_booked_pre_amount`
--
ALTER TABLE `vehicle_booked_pre_amount`
  MODIFY `id` int NOT NULL AUTO_INCREMENT, AUTO_INCREMENT=4;

--
-- Constraints for dumped tables
--

--
-- Constraints for table `sawari_booked_details`
--
ALTER TABLE `sawari_booked_details`
  ADD CONSTRAINT `FK8dh0m47exj8gsiect6pfei279` FOREIGN KEY (`booking_from`) REFERENCES `sawari_location` (`id`);

--
-- Constraints for table `sawari_owner`
--
ALTER TABLE `sawari_owner`
  ADD CONSTRAINT `FKjw1q5xg4njldkxrwdy0ba6lg2` FOREIGN KEY (`fk_location_id`) REFERENCES `sawari_location` (`id`);

--
-- Constraints for table `sawari_vehicle_details`
--
ALTER TABLE `sawari_vehicle_details`
  ADD CONSTRAINT `FK2uvfml4k1qihbnb120g4g7sek` FOREIGN KEY (`fk_owner_id`) REFERENCES `sawari_owner` (`id`),
  ADD CONSTRAINT `FKdvs75gc0373inf0ljmbisqgbb` FOREIGN KEY (`fk_vehicle_model`) REFERENCES `sawari_vehicle_model` (`id`),
  ADD CONSTRAINT `FKdyw1cgr9mhui75fb2yt73jq9g` FOREIGN KEY (`fk_location_id`) REFERENCES `sawari_location` (`id`),
  ADD CONSTRAINT `FKtcs64vrxwmea7ns5ldymhxhp2` FOREIGN KEY (`fk_vehicle_type`) REFERENCES `sawari_vehicle_type` (`id`);

--
-- Constraints for table `sawari_vehicle_model`
--
ALTER TABLE `sawari_vehicle_model`
  ADD CONSTRAINT `FKag7xs7la914679pxtck3ilufr` FOREIGN KEY (`fk_vehicle_type`) REFERENCES `sawari_vehicle_type` (`id`);
COMMIT;

/*!40101 SET CHARACTER_SET_CLIENT=@OLD_CHARACTER_SET_CLIENT */;
/*!40101 SET CHARACTER_SET_RESULTS=@OLD_CHARACTER_SET_RESULTS */;
/*!40101 SET COLLATION_CONNECTION=@OLD_COLLATION_CONNECTION */;
